Profession Name;Commercial and Industrial Designers;28f5d683-6884-45cd-a96b-eaae559e292a  ;d503920c-4857-498f-8dff-7cdd856f73af
Profession Name;Fashion Designers;28f5d683-6884-45cd-a96b-eaae559e292a  ;fdd97e67-f81d-4741-bbee-10b7c79e039f
Profession Name;Floral Designers;28f5d683-6884-45cd-a96b-eaae559e292a  ;86916873-e949-4d7f-ae9c-2694990f0029
Profession Name;Graphic Designers;28f5d683-6884-45cd-a96b-eaae559e292a  ;85f62f46-4e55-4a26-9dde-4dcc37b292bd
Profession Name;Interior Designers;28f5d683-6884-45cd-a96b-eaae559e292a  ;f8e0cedf-3758-410e-a379-c11a6d837662
Profession Name;Merchandise Displayers and Window Trimmers;28f5d683-6884-45cd-a96b-eaae559e292a  ;af11afb2-d002-4875-af55-81f1d6375615
Profession Name;Set and Exhibit Designers;28f5d683-6884-45cd-a96b-eaae559e292a  ;a29bdd07-ed1a-496c-b164-675ab3e34126
Profession Name;Actors;28f5d683-6884-45cd-a96b-eaae559e292a  ;af1ca092-456d-4f04-b73a-b31cfe2020d2
Profession Name;Producers and Directors;28f5d683-6884-45cd-a96b-eaae559e292a  ;f0107d10-25f9-4cdb-b3cb-604bf0c7e40c
Profession Name;Athletes and Sports Competitors;28f5d683-6884-45cd-a96b-eaae559e292a  ;fd9f6453-80f6-4302-a55e-f1d5b20a2906
Profession Name;Nurse Midwives;28f5d683-6884-45cd-a96b-eaae559e292a  ;bd37a9ef-e285-4437-9016-d9660a972e8a
Profession Name;Coaches and Scouts;28f5d683-6884-45cd-a96b-eaae559e292a  ;d0d31920-50d1-4fbb-bd59-fa1b1e76986f
Profession Name;Dancers and Choreographers;28f5d683-6884-45cd-a96b-eaae559e292a  ;d3df3e0c-033a-434e-aefc-dc98faa438d5
Profession Name;Dancers;28f5d683-6884-45cd-a96b-eaae559e292a  ;f596f316-e48e-4bb8-bfd0-c1dccb104515
Profession Name;Choreographers;28f5d683-6884-45cd-a96b-eaae559e292a  ;1e1a8e12-74c8-4ecc-9be9-010c7c827dbc
Profession Name;Music Directors and Composers;28f5d683-6884-45cd-a96b-eaae559e292a  ;5036041f-2025-49d3-8512-649782a7a814
Profession Name;Musicians and Singers;28f5d683-6884-45cd-a96b-eaae559e292a  ;1fc91085-9fbd-463c-8d14-250bc05ec714
Profession Name;Media and Communication Workers;28f5d683-6884-45cd-a96b-eaae559e292a  ;40384a18-9c08-4731-94b4-468f781cf0ca
Profession Name;Broadcast Announcers and Radio Disc Jockeys;28f5d683-6884-45cd-a96b-eaae559e292a  ;47f44bac-3105-4cb9-b396-3048bf3c01b5
Profession Name;Public Relations Specialists;28f5d683-6884-45cd-a96b-eaae559e292a  ;a4115009-1837-4c9e-bb30-5e1ccc809b46
Profession Name;Writers and Editors;28f5d683-6884-45cd-a96b-eaae559e292a  ;73c9e410-e490-4e97-84f1-40b25669ce99
Profession Name;Editors;28f5d683-6884-45cd-a96b-eaae559e292a  ;f7c12586-ac04-42ae-a848-11b4679e852f
Profession Name;Technical Writers;28f5d683-6884-45cd-a96b-eaae559e292a  ;7ced0e56-ba4a-4f86-88d8-7916e800eea8
Profession Name;Writers and Authors;28f5d683-6884-45cd-a96b-eaae559e292a  ;cb1eaf8b-c8c2-4018-9ff0-15a889b045a9
Profession Name;Miscellaneous Media and Communication Workers;28f5d683-6884-45cd-a96b-eaae559e292a  ;b0b847af-ebb9-4d18-a951-3199544cf5c5
Profession Name;Interpreters and Translators;28f5d683-6884-45cd-a96b-eaae559e292a  ;214ccc50-cc11-47b5-9b5e-0f83d9fa0bb3
Profession Name;Court Reporters and Simultaneous Captioners;28f5d683-6884-45cd-a96b-eaae559e292a  ;0f640063-f547-43ef-bb53-9292005ada6b
Profession Name;Media and Communication Equipment Workers;28f5d683-6884-45cd-a96b-eaae559e292a  ;3160ea10-3307-4b0b-9f26-fc9311da297d
Profession Name;Audio and Video Technicians;28f5d683-6884-45cd-a96b-eaae559e292a  ;0477786f-239c-4bf6-a077-0e4d798d7e77
Profession Name;Broadcast Technicians;28f5d683-6884-45cd-a96b-eaae559e292a  ;6d057d37-70cc-40d4-8276-f30aa67938a5
Profession Name;Lighting Technicians;28f5d683-6884-45cd-a96b-eaae559e292a  ;e0427157-9232-43c0-9d06-822a07f59e0a
Profession Name;Photographers;28f5d683-6884-45cd-a96b-eaae559e292a  ;5c8534d1-7ddf-4814-a361-3b8c66aace1e
Profession Name;Film and Video Editors;28f5d683-6884-45cd-a96b-eaae559e292a  ;92911466-6037-4f72-8d8d-011d8bbc3dd5
Profession Name;Miscellaneous Media and Communication Equipment Workers;28f5d683-6884-45cd-a96b-eaae559e292a  ;83d7334a-15bc-4247-911e-53f0df201d9e
Profession Name;Healthcare Practitioners and Technical Occupations;28f5d683-6884-45cd-a96b-eaae559e292a  ;e7d8a433-abff-401d-9024-b904c857a7e0
Profession Name;Healthcare Diagnosing or Treating Practitioners;28f5d683-6884-45cd-a96b-eaae559e292a  ;f430ebf6-7372-447e-bb88-5761c68596af
Profession Name;Chiropractors;28f5d683-6884-45cd-a96b-eaae559e292a  ;de217c2b-df96-49bb-bd54-54b2b946bbc7
Profession Name;Dentists;28f5d683-6884-45cd-a96b-eaae559e292a  ;89768c1d-844e-4d17-b02b-ddd24855d066
Profession Name;Oral and Maxillofacial Surgeons;28f5d683-6884-45cd-a96b-eaae559e292a  ;4809ebe0-3078-451b-a25f-d68b1bf89e84
Profession Name;Orthodontists;28f5d683-6884-45cd-a96b-eaae559e292a  ;a780e737-e0e3-436a-9629-c56c501eeac9
Profession Name;Prosthodontists;28f5d683-6884-45cd-a96b-eaae559e292a  ;6fd9b14e-4a64-4646-8f3e-7e3bc728d618
Profession Name;Dietitians and Nutritionists;28f5d683-6884-45cd-a96b-eaae559e292a  ;41d8ead7-520e-40c8-b6dd-a15801a9ca16
Profession Name;Optometrists;28f5d683-6884-45cd-a96b-eaae559e292a  ;6650b76b-c124-4a98-b7e5-139a9f443414
Profession Name;Pharmacists;28f5d683-6884-45cd-a96b-eaae559e292a  ;c3c4d9f4-516c-4bbe-ab43-8407e8f95ada
Profession Name;Physician Assistants;28f5d683-6884-45cd-a96b-eaae559e292a  ;e30989d8-7fba-4cae-b189-9e23a896ae67
Profession Name;Podiatrists;28f5d683-6884-45cd-a96b-eaae559e292a  ;b751dc72-6db4-4e84-b569-d721fb194eea
Profession Name;Occupational Therapists;28f5d683-6884-45cd-a96b-eaae559e292a  ;401b1583-2a0c-4548-9fac-27094d960bbb
Profession Name;Physical Therapists;28f5d683-6884-45cd-a96b-eaae559e292a  ;fd210218-9c75-4dd1-a9c4-4a5e736979a1
Profession Name;Radiation Therapists;28f5d683-6884-45cd-a96b-eaae559e292a  ;7240e464-683b-4862-8009-9a9334eadf1f
Profession Name;Recreational Therapists;28f5d683-6884-45cd-a96b-eaae559e292a  ;15438de6-bb79-4741-9dc3-acb92667ab4c
Profession Name;Respiratory Therapists;28f5d683-6884-45cd-a96b-eaae559e292a  ;5da358aa-7779-408f-8358-05fd69d036e5
Profession Name;Speech-Language Pathologists;28f5d683-6884-45cd-a96b-eaae559e292a  ;8ddf5e91-7b51-4655-b7b1-690efc5cce0c
Profession Name;Exercise Physiologists;28f5d683-6884-45cd-a96b-eaae559e292a  ;c871d0fe-a05a-4c19-b32b-3dab09791017
Profession Name;Veterinarians;28f5d683-6884-45cd-a96b-eaae559e292a  ;fdc39d92-8a79-4171-900d-afbb29546c27
Profession Name;Registered Nurses;28f5d683-6884-45cd-a96b-eaae559e292a  ;c708a320-4481-4080-830f-c895356d701a
Profession Name;Nurse Anesthetists;28f5d683-6884-45cd-a96b-eaae559e292a  ;7091ed85-a993-4557-b661-eadf1b6bd2b8
Profession Name;Nurse Practitioners;28f5d683-6884-45cd-a96b-eaae559e292a  ;f25e494b-7c02-4d99-bb4c-d5d2201804f6
Profession Name;Audiologists;28f5d683-6884-45cd-a96b-eaae559e292a  ;14e29507-387a-4d5f-b8e6-faf331078496
Profession Name;Physicians;28f5d683-6884-45cd-a96b-eaae559e292a  ;7224f280-564f-45d5-8012-f67631a233b4
Profession Name;Anesthesiologists;28f5d683-6884-45cd-a96b-eaae559e292a  ;f817c27f-4eb7-4198-9dc0-8b8b7097c021
Profession Name;Cardiologists;28f5d683-6884-45cd-a96b-eaae559e292a  ;71cbee1f-df48-4a90-aec3-289bab8fb647
Profession Name;Dermatologists;28f5d683-6884-45cd-a96b-eaae559e292a  ;026ab6cd-75b0-4251-a451-3468247e8756
Profession Name;Emergency Medicine Physicians;28f5d683-6884-45cd-a96b-eaae559e292a  ;810f0896-75e2-4095-8183-03a32ff1c548
Profession Name;Family Medicine Physicians;28f5d683-6884-45cd-a96b-eaae559e292a  ;11add7ac-8e96-4c51-b2f3-17e9ab90f14d
Profession Name;General Internal Medicine Physicians;28f5d683-6884-45cd-a96b-eaae559e292a  ;b113812e-a681-444e-81be-8aa4a40020a1
Profession Name;Neurologists;28f5d683-6884-45cd-a96b-eaae559e292a  ;87dfc19d-9bdb-431d-a95e-ac5152fc1c01
Profession Name;Obstetricians and Gynecologists;28f5d683-6884-45cd-a96b-eaae559e292a  ;2b0c40b2-0c08-4b42-aeb2-df0af399a01c
Profession Name;Psychiatrists;28f5d683-6884-45cd-a96b-eaae559e292a  ;00204d3d-0d9e-44f3-a65b-8d11401299c6
Profession Name;Radiologists;28f5d683-6884-45cd-a96b-eaae559e292a  ;0bdbc149-ad69-4a4c-aedf-a0c967ed16ce
Profession Name;Surgeons;28f5d683-6884-45cd-a96b-eaae559e292a  ;d97eb1d3-507b-4318-ae93-d601d4fe9e05
Profession Name;Pediatric Surgeons;28f5d683-6884-45cd-a96b-eaae559e292a  ;a2374048-a13d-4a36-9d11-4975a2466c95
Profession Name;Miscellaneous Healthcare Diagnosing or Treating Practitioners;28f5d683-6884-45cd-a96b-eaae559e292a  ;89f7fb1d-9fcc-48fb-b437-23f2e7a26645
Profession Name;Acupuncturists;28f5d683-6884-45cd-a96b-eaae559e292a  ;0efe34db-a361-46a4-8586-bfd9a4809725
Profession Name;Dental Hygienists;28f5d683-6884-45cd-a96b-eaae559e292a  ;f7d7c298-6351-43c0-820e-0387bdcbdd62
Profession Name;Health Technologists and Technicians;28f5d683-6884-45cd-a96b-eaae559e292a  ;1e3d1e9e-06d4-4dd7-8e96-eade85fe6b2a
Profession Name;Clinical Laboratory Technologists and Technicians;28f5d683-6884-45cd-a96b-eaae559e292a  ;bcb35321-309d-4d3a-b9d3-7dcef03e8c1e
Profession Name;Diagnostic Related Technologists and Technicians;28f5d683-6884-45cd-a96b-eaae559e292a  ;51ea98d3-ec64-4e3e-9c04-7b9fff6b55ef
Profession Name;Cardiovascular Technologists and Technicians;28f5d683-6884-45cd-a96b-eaae559e292a  ;8283557f-5454-4d91-ae67-a2fd38c1359a
Profession Name;Diagnostic Medical Sonographers;28f5d683-6884-45cd-a96b-eaae559e292a  ;827a546f-a38a-4469-80df-729a1fb95914
Profession Name;Nuclear Medicine Technologists;28f5d683-6884-45cd-a96b-eaae559e292a  ;6ad9e973-88b6-4347-beac-9f5f179858e4
Profession Name;Radiologic Technologists and Technicians;28f5d683-6884-45cd-a96b-eaae559e292a  ;d8afe50a-14db-4b84-9f59-aad0d76efce1
Profession Name;Magnetic Resonance Imaging Technologists;28f5d683-6884-45cd-a96b-eaae559e292a  ;e36e81a9-5ea3-4b05-97a8-b5b98166a168
Profession Name;Medical Dosimetrists;28f5d683-6884-45cd-a96b-eaae559e292a  ;be027df0-d719-4ec0-9cbb-b94760d50be7
Profession Name;Emergency Medical Technicians and Paramedics;28f5d683-6884-45cd-a96b-eaae559e292a  ;4403bfc6-f22b-4e63-aa75-c83c0467a500
Profession Name;Emergency Medical Technicians;28f5d683-6884-45cd-a96b-eaae559e292a  ;9ad13ace-c432-41eb-a343-39298e4aa340
Profession Name;Paramedics;28f5d683-6884-45cd-a96b-eaae559e292a  ;06a89e99-8fd1-4c1d-b730-58bd52fc29ac
Profession Name;Health Practitioner Support Technologists and Technicians;28f5d683-6884-45cd-a96b-eaae559e292a  ;6e020561-0b7a-42cf-a12a-4644b848c51b
Profession Name;Dietetic Technicians;28f5d683-6884-45cd-a96b-eaae559e292a  ;a99e5722-3c56-498d-b139-fe56a2722f5a
Profession Name;Pharmacy Technicians;28f5d683-6884-45cd-a96b-eaae559e292a  ;845934f1-5b19-4bad-8ff0-709e133178ab
Profession Name;Psychiatric Technicians;28f5d683-6884-45cd-a96b-eaae559e292a  ;0ce0ce48-9aa0-4a92-9152-a00a21d14174
Profession Name;Surgical Technologists;28f5d683-6884-45cd-a96b-eaae559e292a  ;6979c3ab-424b-48f9-a4fb-c1c76674fbe2
Profession Name;Veterinary Technologists and Technicians;28f5d683-6884-45cd-a96b-eaae559e292a  ;811b11d5-8972-409e-99fe-d0707c520a90
Profession Name;Ophthalmic Medical Technicians;28f5d683-6884-45cd-a96b-eaae559e292a  ;16033ef6-ad7c-49e9-9723-e347a32a9cb9
Profession Name;Licensed Practical and Licensed Vocational Nurses;28f5d683-6884-45cd-a96b-eaae559e292a  ;ff640351-a02f-4a88-910a-bf55431670c2
Profession Name;Medical Records Specialists;28f5d683-6884-45cd-a96b-eaae559e292a  ;17e16db2-40c1-4802-ac17-09080adde044
Profession Name;Miscellaneous Health Technologists and Technicians;28f5d683-6884-45cd-a96b-eaae559e292a  ;21a49ce0-fad3-4414-8b4e-0e4d55ce575a
Profession Name;Orthotists and Prosthetists;28f5d683-6884-45cd-a96b-eaae559e292a  ;600c4699-7c92-429d-9184-b6b4dcf86d29
Profession Name;Hearing Aid Specialists;28f5d683-6884-45cd-a96b-eaae559e292a  ;caf999ea-37d3-4019-85d7-867bca9e4ae0
Profession Name;Other Healthcare Practitioners and Technical Occupations;28f5d683-6884-45cd-a96b-eaae559e292a  ;cd86e009-eb0e-4b74-a3e9-21622dfa3f60
Profession Name;Health Information Technologists and Medical Registrars;28f5d683-6884-45cd-a96b-eaae559e292a  ;a487e804-c901-4a8d-8fe3-4d13a35f4d2f
Profession Name;Miscellaneous Health Practitioners and Technical Workers;28f5d683-6884-45cd-a96b-eaae559e292a  ;af9922c7-597c-4429-a041-2e7897503dd7
Profession Name;Athletic Trainers;28f5d683-6884-45cd-a96b-eaae559e292a  ;21120b44-83d1-4958-b424-9205a0288494
Profession Name;Genetic Counselors;28f5d683-6884-45cd-a96b-eaae559e292a  ;33ab0ca0-271c-40d0-aab1-0bdad3b5bf51
Profession Name;Surgical Assistants;28f5d683-6884-45cd-a96b-eaae559e292a  ;70709976-113e-4817-b59a-f344bf51627b
Profession Name;Healthcare Support Occupations;28f5d683-6884-45cd-a96b-eaae559e292a  ;5651f1cf-a549-4afb-95ac-aeb9a54648ec
Profession Name;Home Health and Personal Care Aides;28f5d683-6884-45cd-a96b-eaae559e292a  ;ce608d56-e923-48da-9642-f1b6d3dda3e8
Profession Name;Nursing Assistants;28f5d683-6884-45cd-a96b-eaae559e292a  ;87bcae62-13ed-4206-aaea-e998dea5c695
Profession Name;Orderlies;28f5d683-6884-45cd-a96b-eaae559e292a  ;30a21c36-dbc7-4a70-8bce-315e27d705e2
Profession Name;Psychiatric Aides;28f5d683-6884-45cd-a96b-eaae559e292a  ;72897de7-bf8d-4c65-8aeb-efc275915091
Profession Name;Occupational Therapy and Physical Therapist Assistants and Aides;28f5d683-6884-45cd-a96b-eaae559e292a  ;5d1b4f48-6757-472b-a304-417661fe7e44
Profession Name;Occupational Therapy Assistants and Aides;28f5d683-6884-45cd-a96b-eaae559e292a  ;50a6cff9-c300-4c6e-9b35-e63f68e1a479
Profession Name;Occupational Therapy Assistants;28f5d683-6884-45cd-a96b-eaae559e292a  ;536595b5-7e23-4204-974c-73a3f479c141
Profession Name;Occupational Therapy Aides;28f5d683-6884-45cd-a96b-eaae559e292a  ;1db7fbb4-9d78-47e4-a323-85f476bbbeb7
Profession Name;Physical Therapist Assistants and Aides;28f5d683-6884-45cd-a96b-eaae559e292a  ;de36f36f-f888-47a7-aea5-6cd2f605c189
Profession Name;Physical Therapist Assistants;28f5d683-6884-45cd-a96b-eaae559e292a  ;028065e0-edc4-4dc4-ae4a-8393018cbfd7
Profession Name;Physical Therapist Aides;28f5d683-6884-45cd-a96b-eaae559e292a  ;93b970b0-9c12-4f95-984c-9f5f71405515
Profession Name;Other Healthcare Support Occupations;28f5d683-6884-45cd-a96b-eaae559e292a  ;620ee040-29e4-462e-afd8-194beb486fe9
Profession Name;Massage Therapists;28f5d683-6884-45cd-a96b-eaae559e292a  ;23810613-f3e6-4c4e-891d-85b5f83c802e
Profession Name;Miscellaneous Healthcare Support Occupations;28f5d683-6884-45cd-a96b-eaae559e292a  ;222e1a97-cef9-4a3b-b407-d300d993b771
Profession Name;Dental Assistants;28f5d683-6884-45cd-a96b-eaae559e292a  ;8578f0d6-ba4e-49ed-a933-4e126ad35395
Profession Name;Medical Assistants;28f5d683-6884-45cd-a96b-eaae559e292a  ;446c2636-7f50-490e-a2f5-7d45938f3156
Profession Name;Medical Equipment Preparers;28f5d683-6884-45cd-a96b-eaae559e292a  ;cdd9c784-4c2d-41fb-a0eb-861def40a311
Profession Name;Medical Transcriptionists;28f5d683-6884-45cd-a96b-eaae559e292a  ;f339b028-33d8-4468-a36c-97732ffca13d
Profession Name;Pharmacy Aides;28f5d683-6884-45cd-a96b-eaae559e292a  ;2cee02d0-a579-438c-b60b-42028e8c4d28
Profession Name;Veterinary Assistants and Laboratory Animal Caretakers;28f5d683-6884-45cd-a96b-eaae559e292a  ;36a8d517-516e-4247-b53d-45f47449ce97
Profession Name;Phlebotomists;28f5d683-6884-45cd-a96b-eaae559e292a  ;82d119bb-6708-47fb-b892-f31c11985f7f
Profession Name;Protective Service Occupations;28f5d683-6884-45cd-a96b-eaae559e292a  ;52379fa2-84a0-4549-afce-2bf655f93d1f
Profession Name;Supervisors of Protective Service Workers;28f5d683-6884-45cd-a96b-eaae559e292a  ;8ba16049-337b-449f-8d7f-1fa739cd7f7a
Profession Name;First-Line Supervisors of Law Enforcement Workers;28f5d683-6884-45cd-a96b-eaae559e292a  ;2e8c0272-bcc5-4968-b787-958ceae9b1d4
Profession Name;First-Line Supervisors of Correctional Officers;28f5d683-6884-45cd-a96b-eaae559e292a  ;f5fa865d-b260-4c01-9787-593e1ad88dd2
Profession Name;First-Line Supervisors of Police and Detectives;28f5d683-6884-45cd-a96b-eaae559e292a  ;6712584f-d7a3-4a1e-9e8f-f393571055f5
Profession Name;First-Line Supervisors of Firefighting and Prevention Workers;28f5d683-6884-45cd-a96b-eaae559e292a  ;21ba6b38-1669-4826-81a4-e5102f23167d
Profession Name;First-Line Supervisors of Security Workers;28f5d683-6884-45cd-a96b-eaae559e292a  ;bc93a25c-968c-435a-b95d-5638fe825a63
Profession Name;Firefighting and Prevention Workers;28f5d683-6884-45cd-a96b-eaae559e292a  ;4378252b-e64f-4c60-a8dd-a4a8ee170039
Profession Name;Firefighters;28f5d683-6884-45cd-a96b-eaae559e292a  ;ef624046-cce4-4600-945b-9501261a7a52
Profession Name;Fire Inspectors;28f5d683-6884-45cd-a96b-eaae559e292a  ;05d33b7e-1607-42b5-a1ed-771b34dabd93
Profession Name;Fire Inspectors and Investigators;28f5d683-6884-45cd-a96b-eaae559e292a  ;71ad3dc2-a274-4c1b-aa6e-6db5f9634027
Profession Name;Forest Fire Inspectors and Prevention Specialists;28f5d683-6884-45cd-a96b-eaae559e292a  ;cee9f492-36f5-4e99-9b85-f9bf838be367
Profession Name;Law Enforcement Workers;28f5d683-6884-45cd-a96b-eaae559e292a  ;8a0b4fb7-b0cd-4a43-908a-cd3104f0316c
Profession Name;Bailiffs;28f5d683-6884-45cd-a96b-eaae559e292a  ;7c5f343b-8827-4d1e-9989-63d3b900e173
Profession Name;Correctional Officers and Jailers;28f5d683-6884-45cd-a96b-eaae559e292a  ;8a68f809-89bd-46c0-bbe0-fd3ed2753f83
Profession Name;Detectives and Criminal Investigators;28f5d683-6884-45cd-a96b-eaae559e292a  ;e64db762-8808-4ab8-a555-0a5fa16e157d
Profession Name;Fish and Game Wardens;28f5d683-6884-45cd-a96b-eaae559e292a  ;3969c940-efde-4ae9-b90e-9f7077dd1ea6
Profession Name;Parking Enforcement Workers;28f5d683-6884-45cd-a96b-eaae559e292a  ;b9611c59-cef5-4097-833d-665507f85488
Profession Name;Police Officers;28f5d683-6884-45cd-a96b-eaae559e292a  ;4b3fdb7c-3505-4908-a724-b6b761f22b3e
Profession Name;Travel Agents;28f5d683-6884-45cd-a96b-eaae559e292a  ;b5822b8a-d31d-4428-9596-f9188c0f1f5f
Profession Name;Police and Sheriff's Patrol Officers;28f5d683-6884-45cd-a96b-eaae559e292a  ;b9655853-79a6-4e19-849a-99e1033c8a72
Profession Name;Transit and Railroad Police;28f5d683-6884-45cd-a96b-eaae559e292a  ;941598d9-6a49-4f99-86f9-2b59954b9bd3
Profession Name;Other Protective Service Workers;28f5d683-6884-45cd-a96b-eaae559e292a  ;5eb680df-19ce-47aa-936f-59d9bae46028
Profession Name;Animal Control Workers;28f5d683-6884-45cd-a96b-eaae559e292a  ;c6f921d2-b683-48b7-8aae-7bd8993b651d
Profession Name;Private Detectives and Investigators;28f5d683-6884-45cd-a96b-eaae559e292a  ;c3c75950-383f-4e32-a779-41f6c95cbb3e
Profession Name;Security Guards and Gambling Surveillance Officers;28f5d683-6884-45cd-a96b-eaae559e292a  ;c3cbf219-fc85-4fdf-a8ff-1c3e9ebee57b
Profession Name;Gambling Surveillance Officers and Gambling Investigators;28f5d683-6884-45cd-a96b-eaae559e292a  ;f413d2f1-fb3e-4844-9411-e39b7d278ec7
Profession Name;Security Guards;28f5d683-6884-45cd-a96b-eaae559e292a  ;b720fa99-53fb-49f1-a690-d8c42de8a731
Profession Name;Miscellaneous Protective Service Workers;28f5d683-6884-45cd-a96b-eaae559e292a  ;78030527-0491-4ba7-8e52-5b43e9bc0dc8
Profession Name;Crossing Guards and Flaggers;28f5d683-6884-45cd-a96b-eaae559e292a  ;3b870bfc-9dac-4600-9b26-cba95301984f
Profession Name;Transportation Security Screeners;28f5d683-6884-45cd-a96b-eaae559e292a  ;288d2410-d817-4a27-be16-1aae73bcbeec
Profession Name;School Bus Monitors;28f5d683-6884-45cd-a96b-eaae559e292a  ;2e0d366c-d7ae-453f-9f22-1d88ec21a580
Profession Name;Food Preparation and Serving Related Occupations;28f5d683-6884-45cd-a96b-eaae559e292a  ;eb468f26-7aec-4914-89f3-32ab9121a554
Profession Name;Supervisors of Food Preparation and Serving Workers;28f5d683-6884-45cd-a96b-eaae559e292a  ;f2b2d580-2513-44af-847d-b64f67c59a09
Profession Name;Chefs and Head Cooks;28f5d683-6884-45cd-a96b-eaae559e292a  ;e28a348f-8645-4e9e-ab07-11437ce71f1f
Profession Name;First-Line Supervisors of Food Preparation and Serving Workers;28f5d683-6884-45cd-a96b-eaae559e292a  ;30a4ef10-de48-4af1-89b1-6425dee4b5ee
Profession Name;Cooks and Food Preparation Workers;28f5d683-6884-45cd-a96b-eaae559e292a  ;083f6fff-0067-4a60-be2f-b7fa21f2711d
Profession Name;Cooks;28f5d683-6884-45cd-a96b-eaae559e292a  ;80275f9a-02e9-40a8-9280-80b9322bac1f
Profession Name;Food Preparation Workers;28f5d683-6884-45cd-a96b-eaae559e292a  ;144307a0-f869-4523-9ac8-7848814db7b0
Profession Name;Food and Beverage Serving Workers;28f5d683-6884-45cd-a96b-eaae559e292a  ;706ae5cd-3a89-4f4f-8c18-599d46c1d861
Profession Name;Bartenders;28f5d683-6884-45cd-a96b-eaae559e292a  ;58b2f90f-c75c-446b-a29e-b4ddfc24a1e1
Profession Name;Fast Food and Counter Workers;28f5d683-6884-45cd-a96b-eaae559e292a  ;7061e9db-9102-4da7-a2be-8cacf0701dc1
Profession Name;Waiters and Waitresses;28f5d683-6884-45cd-a96b-eaae559e292a  ;cabd2206-4999-4d19-bf0c-30e14b40b187
Profession Name;Other Food Preparation and Serving Related Workers;28f5d683-6884-45cd-a96b-eaae559e292a  ;b9e9943f-3bf1-4a4a-96f0-09d7634fd677
Profession Name;Dining Room and Cafeteria Attendants and Bartender Helpers;28f5d683-6884-45cd-a96b-eaae559e292a  ;98eaa5e1-6412-404f-a917-c5b2b0e58a12
Profession Name;Dishwashers;28f5d683-6884-45cd-a96b-eaae559e292a  ;82052cd2-a0f2-4265-8a7d-d1dea341dc51
Profession Name;Miscellaneous Food Preparation and Serving Related Workers;28f5d683-6884-45cd-a96b-eaae559e292a  ;e982fac3-c7cd-4547-9f11-e1a1a662ed90
Profession Name;Building and Grounds Cleaning and Maintenance Occupations;28f5d683-6884-45cd-a96b-eaae559e292a  ;5ae09d0a-4784-4ee8-9125-3089716d36ab
Profession Name;Supervisors of Building and Grounds Cleaning and Maintenance Workers;28f5d683-6884-45cd-a96b-eaae559e292a  ;f748a80c-95a5-4fb4-8fdf-44d98e53b963
Profession Name;First-Line Supervisors of Building and Grounds Cleaning and Maintenance Workers;28f5d683-6884-45cd-a96b-eaae559e292a  ;83d4fc43-9e5c-4aec-a8b9-1e169738350b
Profession Name;First-Line Supervisors of Housekeeping and Janitorial Workers;28f5d683-6884-45cd-a96b-eaae559e292a  ;4b6a0022-46ed-4e0c-8240-c5e574a9f472
Profession Name;Building Cleaning and Pest Control Workers;28f5d683-6884-45cd-a96b-eaae559e292a  ;8ce947ba-5cf6-435e-a010-617723c5a7e3
Profession Name;Building Cleaning Workers;28f5d683-6884-45cd-a96b-eaae559e292a  ;0c65e55f-29f1-4b68-b7ec-81a7b88dcfec
Profession Name;Maids and Housekeeping Cleaners;28f5d683-6884-45cd-a96b-eaae559e292a  ;51c62498-3eae-4134-b8f5-9642802203cc
Profession Name;Pest Control Workers;28f5d683-6884-45cd-a96b-eaae559e292a  ;aa56c5a9-7cd0-4f9a-aaf8-6373b5f12022
Profession Name;Grounds Maintenance Workers;28f5d683-6884-45cd-a96b-eaae559e292a  ;a6cda897-e114-475e-bf8f-072c8859cbcb
Profession Name;Landscaping and Groundskeeping Workers;28f5d683-6884-45cd-a96b-eaae559e292a  ;498e4405-cd09-4a53-a42a-89ea4a6c4ed8
Profession Name;Tree Trimmers and Pruners;28f5d683-6884-45cd-a96b-eaae559e292a  ;dd570356-35af-4979-8eba-149a98aead8c
Profession Name;Personal Care and Service Occupations;28f5d683-6884-45cd-a96b-eaae559e292a  ;1a87473f-1cec-4339-9b4a-2c32491287c2
Profession Name;Supervisors of Personal Care and Service Workers;28f5d683-6884-45cd-a96b-eaae559e292a  ;803d391d-9625-4909-b317-16d568b2eefa
Profession Name;First-Line Supervisors of Entertainment and Recreation Workers;28f5d683-6884-45cd-a96b-eaae559e292a  ;d94a971d-bc03-4f2a-9b68-ea537ffbb03d
Profession Name;First-Line Supervisors of Gambling Services Workers;28f5d683-6884-45cd-a96b-eaae559e292a  ;c5b6781c-1ac8-4a07-a7aa-61f39b8c3849
Profession Name;First-Line Supervisors of Personal Service Workers;28f5d683-6884-45cd-a96b-eaae559e292a  ;5c423430-a5af-4c26-ab9a-1dcff23ba702
Profession Name;Animal Care and Service Workers;28f5d683-6884-45cd-a96b-eaae559e292a  ;12d64859-0a09-41fd-a582-7bfd862d7606
Profession Name;Animal Trainers;28f5d683-6884-45cd-a96b-eaae559e292a  ;37d9edc4-64e9-418c-af47-68ab0d4fbd6a
Profession Name;Animal Caretakers;28f5d683-6884-45cd-a96b-eaae559e292a  ;c71f9862-b44a-4d1e-8f66-f7cfd865d934
Profession Name;Entertainment Attendants and Related Workers;28f5d683-6884-45cd-a96b-eaae559e292a  ;7be85747-0f18-4c8d-8df7-31a9fa9d19d6
Profession Name;Gambling Services Workers;28f5d683-6884-45cd-a96b-eaae559e292a  ;e272466f-3418-429a-ba8b-51f1067545c2
Profession Name;Gambling Dealers;28f5d683-6884-45cd-a96b-eaae559e292a  ;5e3fa587-65d6-4357-82c8-9d7239bf0ab6
Profession Name;Gambling and Sports Book Writers and Runners;28f5d683-6884-45cd-a96b-eaae559e292a  ;a654ca9b-a7a5-4d73-a68a-14933a3b64be
Profession Name;Motion Picture Projectionists;28f5d683-6884-45cd-a96b-eaae559e292a  ;a29a68ff-d93b-41ea-b409-23c288f23a96
Profession Name;Miscellaneous Entertainment Attendants and Related Workers;28f5d683-6884-45cd-a96b-eaae559e292a  ;601f49f5-21aa-4e2d-a268-f8a3e2783437
Profession Name;Amusement and Recreation Attendants;28f5d683-6884-45cd-a96b-eaae559e292a  ;c6e6654a-2479-4dff-b937-aa2b4a0f3e95
Profession Name;Costume Attendants;28f5d683-6884-45cd-a96b-eaae559e292a  ;6290579a-a3d4-45d2-bac3-c71bb155c61e
Profession Name;Funeral Service Workers;28f5d683-6884-45cd-a96b-eaae559e292a  ;f73b83cd-abaa-4bb3-8b0e-fbb0320be43f
Profession Name;Embalmers and Crematory Operators;28f5d683-6884-45cd-a96b-eaae559e292a  ;310ffa9e-1dd3-4d40-83cf-2153e29c061f
Profession Name;Embalmers;28f5d683-6884-45cd-a96b-eaae559e292a  ;cd286156-408a-4fea-9743-c0f626d26a99
Profession Name;Crematory Operators;28f5d683-6884-45cd-a96b-eaae559e292a  ;40d316a7-6d3b-49cf-9d40-dbce408833d7
Profession Name;Funeral Attendants;28f5d683-6884-45cd-a96b-eaae559e292a  ;9288fd3c-8ff0-4ba1-b7ed-a86a065db1d2
Profession Name;Personal Appearance Workers;28f5d683-6884-45cd-a96b-eaae559e292a  ;43932f56-c682-49a7-9c3d-375b8f709f63
Profession Name;Miscellaneous Personal Appearance Workers;28f5d683-6884-45cd-a96b-eaae559e292a  ;3f68b9b4-eded-41ac-9f57-5aca6b9f9ae4
Profession Name;Manicurists and Pedicurists;28f5d683-6884-45cd-a96b-eaae559e292a  ;8cc04864-fc4a-49b0-8146-7f42d856ad09
Profession Name;Shampooers;28f5d683-6884-45cd-a96b-eaae559e292a  ;16397698-d1f6-4040-a9b6-39c9ebc81a52
Profession Name;Skincare Specialists;28f5d683-6884-45cd-a96b-eaae559e292a  ;8737db9b-100d-4bf2-8223-257ae2c471fa
Profession Name;Baggage Porters and Bellhops;28f5d683-6884-45cd-a96b-eaae559e292a  ;a79ab078-d121-4031-adb5-48a8c6679643
Profession Name;Concierges;28f5d683-6884-45cd-a96b-eaae559e292a  ;daea9718-7b24-44a2-b6b2-60a7139e5fe1
Profession Name;Tour and Travel Guides;28f5d683-6884-45cd-a96b-eaae559e292a  ;ef6c6041-3866-49fe-86cd-725fc93def52
Profession Name;Other Personal Care and Service Workers;28f5d683-6884-45cd-a96b-eaae559e292a  ;3a4bea64-31d0-477e-950a-240154f7bf32
Profession Name;Childcare Workers;28f5d683-6884-45cd-a96b-eaae559e292a  ;d25b6b05-6cb5-495a-822a-7cc3fbb908d4
Profession Name;Recreation and Fitness Workers;28f5d683-6884-45cd-a96b-eaae559e292a  ;f3dbd082-c27f-4d11-acc7-5bb91493b8fb
Profession Name;Exercise Trainers and Group Fitness Instructors;28f5d683-6884-45cd-a96b-eaae559e292a  ;b187dce4-aec2-47ba-91f8-0421d05482ac
Profession Name;Recreation Workers;28f5d683-6884-45cd-a96b-eaae559e292a  ;83239b0b-be8f-47f6-b30e-728f0eec93e2
Profession Name;Residential Advisors;28f5d683-6884-45cd-a96b-eaae559e292a  ;5d242b2c-aeaa-40ff-8993-187146f1f9fc
Profession Name;Miscellaneous Personal Care and Service Workers;28f5d683-6884-45cd-a96b-eaae559e292a  ;28b94705-8adf-4ae8-869c-7f6fb97bb81b
Profession Name;Sales and Related Occupations;28f5d683-6884-45cd-a96b-eaae559e292a  ;36ca52fa-396e-4221-97ff-82e38f342585
Profession Name;Supervisors of Sales Workers;28f5d683-6884-45cd-a96b-eaae559e292a  ;ed999f80-700a-4130-8760-fcde7d4d325b
Profession Name;First-Line Supervisors of Sales Workers;28f5d683-6884-45cd-a96b-eaae559e292a  ;e11a62d6-2362-42f2-a7e4-acfac2d9051c
Profession Name;First-Line Supervisors of Retail Sales Workers;28f5d683-6884-45cd-a96b-eaae559e292a  ;ee546f3b-6fc6-452b-bb77-6470ca70432f
Profession Name;First-Line Supervisors of Non-Retail Sales Workers;28f5d683-6884-45cd-a96b-eaae559e292a  ;94b4fb13-12cf-4d89-8b21-ea67fef2b6cb
Profession Name;Retail Sales Workers;28f5d683-6884-45cd-a96b-eaae559e292a  ;bfa86800-c915-4db5-ad8a-8bd3b857de0e
Profession Name;Cashiers;28f5d683-6884-45cd-a96b-eaae559e292a  ;b69c4a50-e4f7-4400-a03f-86b77fbd26c5
Profession Name;Gambling Change Persons and Booth Cashiers;28f5d683-6884-45cd-a96b-eaae559e292a  ;c6813af9-8081-40aa-9ca0-c6067fbc4abc
Profession Name;Counter and Rental Clerks and Parts Salespersons;28f5d683-6884-45cd-a96b-eaae559e292a  ;650a266f-cced-4f18-a17d-cccf5b5c7978
Profession Name;Counter and Rental Clerks;28f5d683-6884-45cd-a96b-eaae559e292a  ;515213da-6b8f-4114-aa6d-7feb88f4604f
Profession Name;Parts Salespersons;28f5d683-6884-45cd-a96b-eaae559e292a  ;fbd74192-4f7f-4daf-b2d7-85d51bcc25a3
Profession Name;Retail Salespersons;28f5d683-6884-45cd-a96b-eaae559e292a  ;eef6b513-4820-46cc-afa0-a53744d39948
Profession Name;Advertising Sales Agents;28f5d683-6884-45cd-a96b-eaae559e292a  ;07bfdb83-0570-45ea-adac-b3518b047db7
Profession Name;Insurance Sales Agents;28f5d683-6884-45cd-a96b-eaae559e292a  ;9078838d-3356-4243-a31e-0c0178c5e6c9
Profession Name;Other Sales and Related Workers;28f5d683-6884-45cd-a96b-eaae559e292a  ;5729525f-4547-4b64-a396-e158bbb7db6b
Profession Name;Demonstrators and Product Promoters;28f5d683-6884-45cd-a96b-eaae559e292a  ;05abd5fe-5dcb-4226-b80b-5b7e44bfe556
Profession Name;Models;28f5d683-6884-45cd-a96b-eaae559e292a  ;36317955-a4cc-4a9b-8bbf-5684f8c4b1ae
Profession Name;Real Estate Brokers and Sales Agents;28f5d683-6884-45cd-a96b-eaae559e292a  ;4ce2314b-6203-4b1e-a33c-a73dd64c637c
Profession Name;Real Estate Brokers;28f5d683-6884-45cd-a96b-eaae559e292a  ;4ba07dc7-65f1-48dc-914d-d8adf05c4c21
Profession Name;Real Estate Sales Agents;28f5d683-6884-45cd-a96b-eaae559e292a  ;849d0730-adaf-4a1e-a975-6ac3eb024a0a
Profession Name;Sales Engineers;28f5d683-6884-45cd-a96b-eaae559e292a  ;f9634bc3-5008-4870-8de7-e61a4f2ef24d
Profession Name;Telemarketers;28f5d683-6884-45cd-a96b-eaae559e292a  ;3eb60217-a150-43ca-8625-f43613f09373
Profession Name;Miscellaneous Sales and Related Workers;28f5d683-6884-45cd-a96b-eaae559e292a  ;c1ec8326-8e7d-4486-9167-d2aa064fbb88
Profession Name;Office and Administrative Support Occupations;28f5d683-6884-45cd-a96b-eaae559e292a  ;157cda1f-20d3-4153-a135-27fa9c0aa53e
Profession Name;Supervisors of Office and Administrative Support Workers;28f5d683-6884-45cd-a96b-eaae559e292a  ;b9609ed0-f1b0-4afa-abaf-8be573c732ad
Profession Name;First-Line Supervisors of Office and Administrative Support Workers;28f5d683-6884-45cd-a96b-eaae559e292a  ;450cb128-6983-45f4-b4b4-196a7b40d21e
Profession Name;Communications Equipment Operators;28f5d683-6884-45cd-a96b-eaae559e292a  ;7389b0f1-5a55-488d-a1c1-fbb5796f8082
Profession Name;Telephone Operators;28f5d683-6884-45cd-a96b-eaae559e292a  ;10b28746-5ed2-47bc-873a-0509cd176706
Profession Name;Miscellaneous Communications Equipment Operators;28f5d683-6884-45cd-a96b-eaae559e292a  ;13a6f137-6c1b-4a72-b21b-da255a2a7db6
Profession Name;Financial Clerks;28f5d683-6884-45cd-a96b-eaae559e292a  ;b0972f30-2e0c-4490-bf36-c67b8223b3a0
Profession Name;Bill and Account Collectors;28f5d683-6884-45cd-a96b-eaae559e292a  ;0c2e4362-1706-437c-9b87-c74d8f403c3c
Profession Name;Billing and Posting Clerks;28f5d683-6884-45cd-a96b-eaae559e292a  ;245d5558-7cd1-4507-80fb-182a1cf95065
Profession Name;Gambling Cage Workers;28f5d683-6884-45cd-a96b-eaae559e292a  ;5798a711-7cc1-49f9-9438-f98e9211d8fa
Profession Name;Payroll and Timekeeping Clerks;28f5d683-6884-45cd-a96b-eaae559e292a  ;4929cf7d-cf52-4e84-a7cb-976774f5c205
Profession Name;Procurement Clerks;28f5d683-6884-45cd-a96b-eaae559e292a  ;ecad07fa-c46d-42c3-b6c7-0d4ec8ad977e
Profession Name;Tellers;28f5d683-6884-45cd-a96b-eaae559e292a  ;684dfd99-5a03-4e61-9ac7-62a717d0efac
Profession Name;Miscellaneous Financial Clerks;28f5d683-6884-45cd-a96b-eaae559e292a  ;0fb2ff07-2910-4d12-94db-2f3249f95ca5
Profession Name;Information and Record Clerks;28f5d683-6884-45cd-a96b-eaae559e292a  ;d13ddccd-89e2-4f14-8ea8-dcdc4b608885
Profession Name;Brokerage Clerks;28f5d683-6884-45cd-a96b-eaae559e292a  ;62ededaa-772b-4260-bf31-97f29873450b
Profession Name;Correspondence Clerks;28f5d683-6884-45cd-a96b-eaae559e292a  ;323e0f33-4bab-49e1-b76f-a51ac2d949be
Profession Name;Customer Service Representatives;28f5d683-6884-45cd-a96b-eaae559e292a  ;dcbb007c-5e85-42c0-8d4f-f79229a18483
Profession Name;File Clerks;28f5d683-6884-45cd-a96b-eaae559e292a  ;f5a9eba5-3e5e-4ab0-a5de-089fb147825f
Profession Name;Loan Interviewers and Clerks;28f5d683-6884-45cd-a96b-eaae559e292a  ;a6c46075-f835-4fb2-a37c-3c1a333fc07a
Profession Name;New Accounts Clerks;28f5d683-6884-45cd-a96b-eaae559e292a  ;ee0952c3-0d62-44f6-8086-d5d3bed82abc
Profession Name;Order Clerks;28f5d683-6884-45cd-a96b-eaae559e292a  ;9a803bd6-bdc2-4a21-aee7-ca204528d680
Profession Name;Receptionists and Information Clerks;28f5d683-6884-45cd-a96b-eaae559e292a  ;9f28f2cc-074d-4064-9a0a-4a0b4587b907
Profession Name;Reservation and Transportation Ticket Agents and Travel Clerks;28f5d683-6884-45cd-a96b-eaae559e292a  ;bc72f161-eca4-46f7-b050-a88a930008a2
Profession Name;Miscellaneous Information and Record Clerks;28f5d683-6884-45cd-a96b-eaae559e292a  ;af3d1b7f-a16b-47b4-8ddc-9c3151673a7c
Profession Name;Cargo and Freight Agents;28f5d683-6884-45cd-a96b-eaae559e292a  ;6454ec18-d242-4b84-8e7b-bf0ffae6f791
Profession Name;Couriers and Messengers;28f5d683-6884-45cd-a96b-eaae559e292a  ;4db6a08a-28b5-48fb-97fd-410feeb54b46
Profession Name;Dispatchers;28f5d683-6884-45cd-a96b-eaae559e292a  ;bcfd4334-231f-46f5-bcf9-3601640eecfe
Profession Name;Public Safety Telecommunicators;28f5d683-6884-45cd-a96b-eaae559e292a  ;4a7c50bf-2678-4439-9407-4a9bf77a1105
Profession Name;Postal Service Workers;28f5d683-6884-45cd-a96b-eaae559e292a  ;f8db40f0-442e-462d-9630-17210dbaf646
Profession Name;Postal Service Clerks;28f5d683-6884-45cd-a96b-eaae559e292a  ;edbbcc9e-ba00-4e90-8fd5-b2b35d23c181
Profession Name;Postal Service Mail Carriers;28f5d683-6884-45cd-a96b-eaae559e292a  ;563ba95e-a267-40e1-969d-06f59d025675
Profession Name;Secretaries and Administrative Assistants;28f5d683-6884-45cd-a96b-eaae559e292a  ;c6d7c81f-8575-4a56-8234-b65e1a4dc5a7
Profession Name;Executive Secretaries and Executive Administrative Assistants;28f5d683-6884-45cd-a96b-eaae559e292a  ;2f0823fb-2cea-4788-9c0a-5b065f74b2aa
Profession Name;Legal Secretaries and Administrative Assistants;28f5d683-6884-45cd-a96b-eaae559e292a  ;8cac33ed-6aab-42d0-a66a-0c100aed5650
Profession Name;Medical Secretaries and Administrative Assistants;28f5d683-6884-45cd-a96b-eaae559e292a  ;631b383f-a74e-42c2-83a5-cb435244a717
Profession Name;Other Office and Administrative Support Workers;28f5d683-6884-45cd-a96b-eaae559e292a  ;a2bda61d-2749-4551-a48f-33546618d020
Profession Name;Data Entry and Information Processing Workers;28f5d683-6884-45cd-a96b-eaae559e292a  ;14ca66a9-12ba-4d2a-a745-4c1f4f6195af
Profession Name;Data Entry Keyers;28f5d683-6884-45cd-a96b-eaae559e292a  ;3bac7112-a0e4-45b4-a013-f56048aa1fb5
Profession Name;Word Processors and Typists;28f5d683-6884-45cd-a96b-eaae559e292a  ;45d5ce0b-1572-484f-8fc0-ce15b7d5f16c
Profession Name;Desktop Publishers;28f5d683-6884-45cd-a96b-eaae559e292a  ;b640d816-1904-420f-acc4-fad40efda351
Profession Name;Insurance Claims and Policy Processing Clerks;28f5d683-6884-45cd-a96b-eaae559e292a  ;420eadda-839e-467a-a000-70c0b1f8cff3
Profession Name;Proofreaders and Copy Markers;28f5d683-6884-45cd-a96b-eaae559e292a  ;b11fc4a9-b39d-4882-932b-ce03d0abb6db
Profession Name;Statistical Assistants;28f5d683-6884-45cd-a96b-eaae559e292a  ;6bc97370-0da7-4d24-973a-59fea2d6914e
Profession Name;Miscellaneous Office and Administrative Support Workers;28f5d683-6884-45cd-a96b-eaae559e292a  ;4645e86c-4aec-4196-a72a-0e2bd5d4314f
Profession Name;Agricultural Workers;28f5d683-6884-45cd-a96b-eaae559e292a  ;6bc5e1b1-cb63-419e-a852-2ab3c6853854
Profession Name;Agricultural Inspectors;28f5d683-6884-45cd-a96b-eaae559e292a  ;229e7a13-e004-4eb2-91e5-f3bd19bc6bff
Profession Name;Animal Breeders;28f5d683-6884-45cd-a96b-eaae559e292a  ;3747ae3d-ed66-4060-bac0-c16114ca8776
Profession Name;Miscellaneous Agricultural Workers;28f5d683-6884-45cd-a96b-eaae559e292a  ;f1b732ce-037f-4eb5-90a6-1de999b6b389
Profession Name;Agricultural Equipment Operators;28f5d683-6884-45cd-a96b-eaae559e292a  ;3406595d-8461-48ec-adc7-de7f2f69dc31
Profession Name;Forest and Conservation Workers;28f5d683-6884-45cd-a96b-eaae559e292a  ;74f56c7d-5f1d-4bb8-b907-111c970c296d
Profession Name;Logging Workers;28f5d683-6884-45cd-a96b-eaae559e292a  ;8ec3da6d-89e5-48e0-b917-f67744a5db6c
Profession Name;Fallers;28f5d683-6884-45cd-a96b-eaae559e292a  ;a03c4e4c-6a89-49be-8e8f-aa93c9aca0d0
Profession Name;Logging Equipment Operators;28f5d683-6884-45cd-a96b-eaae559e292a  ;6f925f1b-17fd-468b-8489-daf8b42343b1
Profession Name;Log Graders and Scalers;28f5d683-6884-45cd-a96b-eaae559e292a  ;8dbf7c80-14cf-4e76-8dcf-80fe4dfd8e06
Profession Name;Construction and Extraction Occupations;28f5d683-6884-45cd-a96b-eaae559e292a  ;6132a644-0fe2-4026-a1ac-0161e310777c
Profession Name;Supervisors of Construction and Extraction Workers;28f5d683-6884-45cd-a96b-eaae559e292a  ;f7c31524-f58f-4796-bd67-ab29c145f288
Profession Name;First-Line Supervisors of Construction Trades and Extraction Workers;28f5d683-6884-45cd-a96b-eaae559e292a  ;6b6b8fea-5bc6-45c7-b9a4-86115e61975b
Profession Name;Construction Trades Workers;28f5d683-6884-45cd-a96b-eaae559e292a  ;4d019d04-8a1f-4031-8c42-37e4c5a23d7d
Profession Name;Boilermakers;28f5d683-6884-45cd-a96b-eaae559e292a  ;599d6339-4e80-4beb-b6a1-e2e433db9107
Profession Name;Brickmasons and Blockmasons;28f5d683-6884-45cd-a96b-eaae559e292a  ;b341779b-0d35-46c1-adbd-f4213d131a10
Profession Name;Stonemasons;28f5d683-6884-45cd-a96b-eaae559e292a  ;7f41c62e-63fe-4b0c-b06a-5705593336bf
Profession Name;Carpenters;28f5d683-6884-45cd-a96b-eaae559e292a  ;48b9c1eb-0970-4be2-9a75-ab7aad770896
Profession Name;Carpet Installers;28f5d683-6884-45cd-a96b-eaae559e292a  ;b5c2c7c3-51e9-40c9-837e-13c299363279
Profession Name;Floor Sanders and Finishers;28f5d683-6884-45cd-a96b-eaae559e292a  ;455e00da-1614-4848-8d69-a8ff8acff3d5
Profession Name;Tile and Stone Setters;28f5d683-6884-45cd-a96b-eaae559e292a  ;d3c81a62-7b37-4803-a68e-2749abe0edca
Profession Name;Cement Masons and Concrete Finishers;28f5d683-6884-45cd-a96b-eaae559e292a  ;874efe2e-24f6-42d3-8b16-32ea65e2dc02
Profession Name;Terrazzo Workers and Finishers;28f5d683-6884-45cd-a96b-eaae559e292a  ;6e48f371-3241-4d5e-af6d-d49a0dcab601
Profession Name;Construction Laborers;28f5d683-6884-45cd-a96b-eaae559e292a  ;0e1ebadf-2126-440b-9693-f34ab8502803
Profession Name;Construction Equipment Operators;28f5d683-6884-45cd-a96b-eaae559e292a  ;eaa8da76-f799-40f8-b068-c74e1f97355f
Profession Name;Pile Driver Operators;28f5d683-6884-45cd-a96b-eaae559e292a  ;325c4114-bb5b-4d67-a6d1-d6f6fd5b57d4
Profession Name;Operating Engineers and Other Construction Equipment Operators;28f5d683-6884-45cd-a96b-eaae559e292a  ;c707b0a0-c3b9-49c8-82e4-fedc35979b59
Profession Name;Drywall and Ceiling Tile Installers;28f5d683-6884-45cd-a96b-eaae559e292a  ;50cc6a69-2c7f-4f78-afd7-748a454cb835
Profession Name;Electricians;28f5d683-6884-45cd-a96b-eaae559e292a  ;e573997d-0df0-4ecc-a2b4-a01c65d3dca6
Profession Name;Glaziers;28f5d683-6884-45cd-a96b-eaae559e292a  ;7d7a4c1d-5774-4604-9d2f-37e2311c9626
Profession Name;Insulation Workers;28f5d683-6884-45cd-a96b-eaae559e292a  ;824ad40c-614c-461e-bffd-e21768d12c79
Profession Name;Painters and Paperhangers;28f5d683-6884-45cd-a96b-eaae559e292a  ;53573d36-7695-4029-b514-82b4dd4b6887
Profession Name;Paperhangers;28f5d683-6884-45cd-a96b-eaae559e292a  ;1cb37571-8035-437f-8532-29e764f22a22
Profession Name;Pipelayers;28f5d683-6884-45cd-a96b-eaae559e292a  ;0420b925-36f3-4982-928b-49fb34b33525
Profession Name;Plasterers and Stucco Masons;28f5d683-6884-45cd-a96b-eaae559e292a  ;14ea0a7b-0d6e-4199-8dc9-6c294c156aaf
Profession Name;Reinforcing Iron and Rebar Workers;28f5d683-6884-45cd-a96b-eaae559e292a  ;0b31cc74-14e4-448a-931f-2ad1ff20f7c1
Profession Name;Roofers;28f5d683-6884-45cd-a96b-eaae559e292a  ;ced39fcd-f41e-4015-8bc4-feee6d7b5565
Profession Name;Sheet Metal Workers;28f5d683-6884-45cd-a96b-eaae559e292a  ;fda73041-4204-4313-b365-39a20af62f77
Profession Name;Structural Iron and Steel Workers;28f5d683-6884-45cd-a96b-eaae559e292a  ;aa312a69-59e1-40ff-83c2-a5aa4aa4c3d3
Profession Name;Solar Photovoltaic Installers;28f5d683-6884-45cd-a96b-eaae559e292a  ;ce3f71d3-f49d-4121-8ca5-8626bde27876
Profession Name;Helpers--Carpenters;28f5d683-6884-45cd-a96b-eaae559e292a  ;c75b5817-75d6-4ae2-8b36-8ec570ff450d
Profession Name;Helpers--Electricians;28f5d683-6884-45cd-a96b-eaae559e292a  ;7b319594-a6a8-4def-8682-5fcd86b1e7e2
Profession Name;Helpers--Roofers;28f5d683-6884-45cd-a96b-eaae559e292a  ;6b1981c6-3d13-432b-b3ff-c122e1b59803
Profession Name;Other Construction and Related Workers;28f5d683-6884-45cd-a96b-eaae559e292a  ;a32aa2d9-5eba-467c-8bfa-a5551e2bef4e
Profession Name;Construction and Building Inspectors;28f5d683-6884-45cd-a96b-eaae559e292a  ;a553ae6c-6cee-423c-b63c-e4f73e6e4bd6
Profession Name;Elevator and Escalator Installers and Repairers;28f5d683-6884-45cd-a96b-eaae559e292a  ;89057ee9-fd5e-4d4a-a947-8ba20f4b301b
Profession Name;Fence Erectors;28f5d683-6884-45cd-a96b-eaae559e292a  ;209cb1a5-ce2a-47db-9862-a997f73f0f0f
Profession Name;Hazardous Materials Removal Workers;28f5d683-6884-45cd-a96b-eaae559e292a  ;9f25631a-cba3-4308-a46b-a6a5b6c26572
Profession Name;Highway Maintenance Workers;28f5d683-6884-45cd-a96b-eaae559e292a  ;f8bc4796-a8b3-4824-8904-1da876f68b1f
Profession Name;Rail-Track Laying and Maintenance Equipment Operators;28f5d683-6884-45cd-a96b-eaae559e292a  ;1fc66775-c092-451a-ac47-30d378d72ff2
Profession Name;Septic Tank Servicers and Sewer Pipe Cleaners;28f5d683-6884-45cd-a96b-eaae559e292a  ;11afb7ab-7dcc-46f8-a621-43cf637df26d
Profession Name;Miscellaneous Construction and Related Workers;28f5d683-6884-45cd-a96b-eaae559e292a  ;2c89499d-c1e3-41d0-8e54-d1014317d951
Profession Name;Extraction Workers;28f5d683-6884-45cd-a96b-eaae559e292a  ;97b96109-572d-4560-b333-02cda667e1dd
Profession Name;Surface Mining Machine Operators and Earth Drillers;28f5d683-6884-45cd-a96b-eaae559e292a  ;ae1cdbcc-b036-4817-882b-3922035df1f9
Profession Name;Underground Mining Machine Operators;28f5d683-6884-45cd-a96b-eaae559e292a  ;929bb3b6-0eac-4957-b010-985f458d4f96
Profession Name;Continuous Mining Machine Operators;28f5d683-6884-45cd-a96b-eaae559e292a  ;c8e6fa5c-9342-4498-be7a-e3746e605098
Profession Name;Helpers--Extraction Workers;28f5d683-6884-45cd-a96b-eaae559e292a  ;2e686784-b2f5-48be-9acf-a6a0c546bbdb
Profession Name;Miscellaneous Extraction Workers;28f5d683-6884-45cd-a96b-eaae559e292a  ;6ab4d5bb-a3ad-421c-b788-e60a3beddb17
Profession Name;Radio and Telecommunications Equipment Installers and Repairers;28f5d683-6884-45cd-a96b-eaae559e292a  ;bad022a1-5663-4858-82b6-fa75c8f1403d
Profession Name;Avionics Technicians;28f5d683-6884-45cd-a96b-eaae559e292a  ;dab70960-783d-4f4b-b739-25a4cd9a35ac
Profession Name;Audiovisual Equipment Installers and Repairers;28f5d683-6884-45cd-a96b-eaae559e292a  ;a1d7e671-2bde-470e-a7fb-64b41e6cf9dc
Profession Name;Security and Fire Alarm Systems Installers;28f5d683-6884-45cd-a96b-eaae559e292a  ;ded0c5dd-ba58-4c8e-9390-6c43e432e00b
Profession Name;Aircraft Mechanics and Service Technicians;28f5d683-6884-45cd-a96b-eaae559e292a  ;6b9923dd-49e1-47f6-a94b-431e48ac303a
Profession Name;Automotive Technicians and Repairers;28f5d683-6884-45cd-a96b-eaae559e292a  ;59ae61a1-d8f0-4108-96d4-db6807f723f6
Profession Name;Automotive Body and Related Repairers;28f5d683-6884-45cd-a96b-eaae559e292a  ;1325d939-09c7-4127-a7fd-949612dcc9a5
Profession Name;Automotive Glass Installers and Repairers;28f5d683-6884-45cd-a96b-eaae559e292a  ;eafcf9ce-1ba1-4d39-9984-84ec9e212112
Profession Name;Automotive Service Technicians and Mechanics;28f5d683-6884-45cd-a96b-eaae559e292a  ;af4af1af-377f-44bd-8515-072e97427c78
Profession Name;Bus and Truck Mechanics and Diesel Engine Specialists;28f5d683-6884-45cd-a96b-eaae559e292a  ;fc1c76a8-f1ad-4dc1-baaa-f72705fc090c
Profession Name;Heavy Vehicle and Mobile Equipment Service Technicians and Mechanics;28f5d683-6884-45cd-a96b-eaae559e292a  ;f6a55314-d67f-495a-b9fd-a32b878cdd92
Profession Name;Farm Equipment Mechanics and Service Technicians;28f5d683-6884-45cd-a96b-eaae559e292a  ;cb78797e-c407-492f-9ade-f9e9fb83a0c0
Profession Name;Rail Car Repairers;28f5d683-6884-45cd-a96b-eaae559e292a  ;a5087b07-7a39-41a7-9555-c9d46f83d624
Profession Name;Small Engine Mechanics;28f5d683-6884-45cd-a96b-eaae559e292a  ;b217ac21-5551-4a9c-9fd2-70c0f0eb1701
Profession Name;Motorboat Mechanics and Service Technicians;28f5d683-6884-45cd-a96b-eaae559e292a  ;11dcdfac-3a86-4985-9d07-4ca7878d908b
Profession Name;Motorcycle Mechanics;28f5d683-6884-45cd-a96b-eaae559e292a  ;544394c2-5d0e-4beb-8e72-87a6786af7e8
Profession Name;Outdoor Power Equipment and Other Small Engine Mechanics;28f5d683-6884-45cd-a96b-eaae559e292a  ;914182e5-e665-40f1-970a-4381bafa0a4b
Profession Name;Bicycle Repairers;28f5d683-6884-45cd-a96b-eaae559e292a  ;e6250e38-94ae-4db3-98d1-734667584785
Profession Name;Recreational Vehicle Service Technicians;28f5d683-6884-45cd-a96b-eaae559e292a  ;1d0353be-e910-42da-b5b6-7d2eca48ab03
Profession Name;Tire Repairers and Changers;28f5d683-6884-45cd-a96b-eaae559e292a  ;af700f0c-a36a-47af-b4dc-22e2033e21dd
Profession Name;Control and Valve Installers and Repairers;28f5d683-6884-45cd-a96b-eaae559e292a  ;1e98cd39-e24b-4926-b3f5-defece18a43a
Profession Name;Mechanical Door Repairers;28f5d683-6884-45cd-a96b-eaae559e292a  ;7a508432-257e-417f-aacd-7630ce758a05
Profession Name;Home Appliance Repairers;28f5d683-6884-45cd-a96b-eaae559e292a  ;80ee1d14-f9cc-46c8-9c23-e285869c0aa7
Profession Name;Industrial Machinery Mechanics;28f5d683-6884-45cd-a96b-eaae559e292a  ;1372847b-78a6-4c12-b903-6d5c4df8ce54
Profession Name;Millwrights;28f5d683-6884-45cd-a96b-eaae559e292a  ;53ca81f3-1334-4d63-b3cb-e1b07b28c97f
Profession Name;Line Installers and Repairers;28f5d683-6884-45cd-a96b-eaae559e292a  ;caf530ae-5a6f-4cd4-b8cc-32974b6c4381
Profession Name;Electrical Power-Line Installers and Repairers;28f5d683-6884-45cd-a96b-eaae559e292a  ;4c7fbc21-7c0a-4565-a4c7-5073ebe5756b
Profession Name;Telecommunications Line Installers and Repairers;28f5d683-6884-45cd-a96b-eaae559e292a  ;0f47f7a9-f415-4e5c-b93d-46ab1b9db5c2
Profession Name;Precision Instrument and Equipment Repairers;28f5d683-6884-45cd-a96b-eaae559e292a  ;a116a926-de37-4218-a5a3-502e6b7c72d2
Profession Name;Camera and Photographic Equipment Repairers;28f5d683-6884-45cd-a96b-eaae559e292a  ;c2265c25-579a-45fc-b8a2-41acb5d55841
Profession Name;Medical Equipment Repairers;28f5d683-6884-45cd-a96b-eaae559e292a  ;f1f6c13f-7bcf-487e-bedb-8eef0cfea19d
Profession Name;Musical Instrument Repairers and Tuners;28f5d683-6884-45cd-a96b-eaae559e292a  ;53a8aaad-c245-45b9-8d1a-7598219f9c5e
Profession Name;Watch and Clock Repairers;28f5d683-6884-45cd-a96b-eaae559e292a  ;6ae9f499-389c-4c8b-bbeb-a0b806771b39
Profession Name;Wind Turbine Service Technicians;28f5d683-6884-45cd-a96b-eaae559e292a  ;28737555-448d-43a8-9e95-4a11f7cf04b5
Profession Name;Commercial Divers;28f5d683-6884-45cd-a96b-eaae559e292a  ;b6d05323-cb6d-47e8-a63a-87d82447ef4f
Profession Name;Locksmiths and Safe Repairers;28f5d683-6884-45cd-a96b-eaae559e292a  ;c1011a4f-4b03-47cd-8039-45290ea1b345
Profession Name;Manufactured Building and Mobile Home Installers;28f5d683-6884-45cd-a96b-eaae559e292a  ;af2eff0c-2bfb-436f-b81a-f91c8c6e26ac
Profession Name;Riggers;28f5d683-6884-45cd-a96b-eaae559e292a  ;ca31e50c-94a4-404c-a3ae-8bf792436e8a
Profession Name;Signal and Track Switch Repairers;28f5d683-6884-45cd-a96b-eaae559e292a  ;aca809f1-d361-4ea1-a8bb-2bc969289947
Profession Name;Production Occupations;28f5d683-6884-45cd-a96b-eaae559e292a  ;5aa58678-479a-432a-ab8c-8a61f25012ef
Profession Name;Supervisors of Production Workers;28f5d683-6884-45cd-a96b-eaae559e292a  ;073bc299-ce75-4902-bfe6-d9f3ed418060
Profession Name;First-Line Supervisors of Production and Operating Workers;28f5d683-6884-45cd-a96b-eaae559e292a  ;8165ecbc-b9f6-4d1a-bac2-cf92bdae7192
Profession Name;Assemblers and Fabricators;28f5d683-6884-45cd-a96b-eaae559e292a  ;cf7ce5ee-9431-4f9c-8ab6-3ac54d6c2e84
Profession Name;Engine and Other Machine Assemblers;28f5d683-6884-45cd-a96b-eaae559e292a  ;e7e6b5ed-b631-44e5-ac8a-8e268397a680
Profession Name;Structural Metal Fabricators and Fitters;28f5d683-6884-45cd-a96b-eaae559e292a  ;03bdfec3-2958-4e43-9085-24937e83008b
Profession Name;Fiberglass Laminators and Fabricators;28f5d683-6884-45cd-a96b-eaae559e292a  ;486cdfb8-8342-4c83-9f4b-46edf5be6694
Profession Name;Timing Device Assemblers and Adjusters;28f5d683-6884-45cd-a96b-eaae559e292a  ;9e976994-8bf2-493f-b93c-a55b4da1e416
Profession Name;Miscellaneous Assemblers and Fabricators;28f5d683-6884-45cd-a96b-eaae559e292a  ;475574be-866c-4c08-b3d2-597b19da325f
Profession Name;Food Processing Workers;28f5d683-6884-45cd-a96b-eaae559e292a  ;f526b9f6-429d-4d7d-8487-16c52273b40e
Profession Name;Bakers;28f5d683-6884-45cd-a96b-eaae559e292a  ;c6535d7b-0a77-4488-92d7-8a5ebe3c426d
Profession Name;Butchers and Meat Cutters;28f5d683-6884-45cd-a96b-eaae559e292a  ;14970925-7867-4d7e-9c37-6a0630c53f24
Profession Name;Slaughterers and Meat Packers;28f5d683-6884-45cd-a96b-eaae559e292a  ;06715b5e-33ea-4dfd-ae85-490c0a579b7c
Profession Name;Miscellaneous Food Processing Workers;28f5d683-6884-45cd-a96b-eaae559e292a  ;0d81fb05-f08c-4c0e-ae70-b88d23f0bb52
Profession Name;Food Batchmakers;28f5d683-6884-45cd-a96b-eaae559e292a  ;97fd73d0-f723-4479-b318-5b1b844afbf0
Profession Name;Food Cooking Machine Operators and Tenders;28f5d683-6884-45cd-a96b-eaae559e292a  ;5a9d0181-82d6-413f-bcd7-088ae9dd2a02
Profession Name;Metal Workers and Plastic Workers;28f5d683-6884-45cd-a96b-eaae559e292a  ;5cacdbce-60a4-4e20-ad5c-bac0402e62fa
Profession Name;Machinists;28f5d683-6884-45cd-a96b-eaae559e292a  ;3b481d48-beae-4201-a8ab-5478f7ba3100
Profession Name;Metal-Refining Furnace Operators and Tenders;28f5d683-6884-45cd-a96b-eaae559e292a  ;7f14d6d8-0b39-4083-9371-aa8c317c0637
Profession Name;Foundry Mold and Coremakers;28f5d683-6884-45cd-a96b-eaae559e292a  ;fdbe4ebd-8f3b-4bbb-846d-f1716304d72a
Profession Name;Tool and Die Makers;28f5d683-6884-45cd-a96b-eaae559e292a  ;d5b2ab3f-3cd1-4b16-b50f-3b176c5422fc
Profession Name;Miscellaneous Metal Workers and Plastic Workers;28f5d683-6884-45cd-a96b-eaae559e292a  ;e7677709-0189-4e12-bab9-d9401d85bb36
Profession Name;Printing Workers;28f5d683-6884-45cd-a96b-eaae559e292a  ;e81b4eeb-5531-4a47-886d-ecee2346f620
Profession Name;Prepress Technicians and Workers;28f5d683-6884-45cd-a96b-eaae559e292a  ;d8905dbb-71e7-4c37-bf5b-15f2d3ecbaf9
Profession Name;Printing Press Operators;28f5d683-6884-45cd-a96b-eaae559e292a  ;19fcd361-708e-485f-aff4-fb002daf3a64
Profession Name;Print Binding and Finishing Workers;28f5d683-6884-45cd-a96b-eaae559e292a  ;ac023de4-06d2-4dfe-be24-97f2e8cd4dc4
Profession Name;Sewing Machine Operators;28f5d683-6884-45cd-a96b-eaae559e292a  ;ecb4d369-d2c3-43fc-b760-89b8424810ac
Profession Name;Shoe and Leather Workers;28f5d683-6884-45cd-a96b-eaae559e292a  ;c450808c-5990-4eb8-b744-7d85a4b8890f
Profession Name;Shoe and Leather Workers and Repairers;28f5d683-6884-45cd-a96b-eaae559e292a  ;1a774e8f-a718-458e-ae06-5bd896e236e5
Profession Name;Shoe Machine Operators and Tenders;28f5d683-6884-45cd-a96b-eaae559e292a  ;18927b7e-2d3f-4ef2-b3d3-8ef718538bcc
Profession Name;Textile Bleaching and Dyeing Machine Operators and Tenders;28f5d683-6884-45cd-a96b-eaae559e292a  ;0673a6df-15cb-4738-b157-55f7e8f019ad
Profession Name;Fabric and Apparel Patternmakers;28f5d683-6884-45cd-a96b-eaae559e292a  ;ed9b27a6-8dce-45f4-8372-71e87896b1e3
Profession Name;Upholsterers;28f5d683-6884-45cd-a96b-eaae559e292a  ;c790ed41-dab5-46fe-9ca1-442924f70c84
Profession Name;Woodworkers;28f5d683-6884-45cd-a96b-eaae559e292a  ;12332666-b379-4efd-8423-6e027752ca94
Profession Name;Cabinetmakers and Bench Carpenters;28f5d683-6884-45cd-a96b-eaae559e292a  ;e556c7b2-f275-4592-88d7-5ab6e09acb40
Profession Name;Furniture Finishers;28f5d683-6884-45cd-a96b-eaae559e292a  ;936bb119-eeb9-486f-b1b0-a47893ce75cd
Profession Name;Miscellaneous Woodworkers;28f5d683-6884-45cd-a96b-eaae559e292a  ;245599c4-d8e3-4a24-b472-789328d6be7b
Profession Name;Plant and System Operators;28f5d683-6884-45cd-a96b-eaae559e292a  ;5085a4a4-658e-4bb2-80c3-a38c60f7954e
Profession Name;Nuclear Power Reactor Operators;28f5d683-6884-45cd-a96b-eaae559e292a  ;4ccb571f-a845-44ed-887f-9a2f319d1177
Profession Name;Power Distributors and Dispatchers;28f5d683-6884-45cd-a96b-eaae559e292a  ;1d049aec-d8be-4113-b2eb-ba639f44675d
Profession Name;Power Plant Operators;28f5d683-6884-45cd-a96b-eaae559e292a  ;995c25b2-d0df-473d-be4d-ff60eb8ce9f4
Profession Name;Stationary Engineers and Boiler Operators;28f5d683-6884-45cd-a96b-eaae559e292a  ;299268ae-5507-4046-899f-6e5398688e42
Profession Name;Water and Wastewater Treatment Plant and System Operators;28f5d683-6884-45cd-a96b-eaae559e292a  ;b4b64ea4-746c-4bf8-a32e-555894ca2419
Profession Name;Miscellaneous Plant and System Operators;28f5d683-6884-45cd-a96b-eaae559e292a  ;cb500259-6fc8-44c1-8647-b894748711b3
Profession Name;Chemical Plant and System Operators;28f5d683-6884-45cd-a96b-eaae559e292a  ;a9306b86-f492-46fc-8e8f-2498fd97b92b
Profession Name;Gas Plant Operators;28f5d683-6884-45cd-a96b-eaae559e292a  ;e2361225-87f6-4b21-a97a-277b49e81a02
Profession Name;Other Production Occupations;28f5d683-6884-45cd-a96b-eaae559e292a  ;9ac910ce-f931-47ab-8c1e-5c0d2cbb9727
Profession Name;Chemical Equipment Operators and Tenders;28f5d683-6884-45cd-a96b-eaae559e292a  ;c3dc4217-10c3-46b1-a15d-6fedefbc27d9
Profession Name;Cutting Workers;28f5d683-6884-45cd-a96b-eaae559e292a  ;23d879ae-885c-463d-9edf-269fbb3fc1f0
Profession Name;Jewelers and Precious Stone and Metal Workers;28f5d683-6884-45cd-a96b-eaae559e292a  ;d50538ce-9995-40da-aa10-4808f5b3ee3c
Profession Name;Dental and Ophthalmic Laboratory Technicians and Medical Appliance Technicians;28f5d683-6884-45cd-a96b-eaae559e292a  ;cd44702d-be5a-4e47-b98d-a1f35712746e
Profession Name;Dental Laboratory Technicians;28f5d683-6884-45cd-a96b-eaae559e292a  ;49813e48-e7ce-4575-b73c-f0fb29aced43
Profession Name;Medical Appliance Technicians;28f5d683-6884-45cd-a96b-eaae559e292a  ;63a14e40-a9dd-477c-96ce-d45d8db423f4
Profession Name;Ophthalmic Laboratory Technicians;28f5d683-6884-45cd-a96b-eaae559e292a  ;40f6460b-988b-4e7e-ad91-94609361b53c
Profession Name;Packaging and Filling Machine Operators and Tenders;28f5d683-6884-45cd-a96b-eaae559e292a  ;5bda910d-44d9-4a9d-bfee-fc8e78652312
Profession Name;Painting Workers;28f5d683-6884-45cd-a96b-eaae559e292a  ;08ea33b3-dfac-4e69-923a-72a84903d2c7
Profession Name;Semiconductor Processing Technicians;28f5d683-6884-45cd-a96b-eaae559e292a  ;db706eb1-3e43-4167-8fd4-3e932f4d4d49
Profession Name;Photographic Process Workers and Processing Machine Operators;28f5d683-6884-45cd-a96b-eaae559e292a  ;65da3831-9d6a-4a92-8ddb-67be8141a5c1
Profession Name;Computer Numerically Controlled Tool Operators and Programmers;28f5d683-6884-45cd-a96b-eaae559e292a  ;34f5855a-4888-4ef3-b695-073b9721adf3
Profession Name;Computer Numerically Controlled Tool Operators;28f5d683-6884-45cd-a96b-eaae559e292a  ;2c1c49ba-7851-4b97-ae30-8ce3eae947ba
Profession Name;Computer Numerically Controlled Tool Programmers;28f5d683-6884-45cd-a96b-eaae559e292a  ;354a692c-b1a5-412b-8d96-2b651a2d67b7
Profession Name;Miscellaneous Production Workers;28f5d683-6884-45cd-a96b-eaae559e292a  ;d753c3bc-5f04-426c-b1cd-8e39e44b5d21
Profession Name;Adhesive Bonding Machine Operators and Tenders;28f5d683-6884-45cd-a96b-eaae559e292a  ;be1a929b-e59d-4c3d-b8dc-8a6080b9b543
Profession Name;Supervisors of Transportation and Material Moving Workers;28f5d683-6884-45cd-a96b-eaae559e292a  ;f59e7bc0-a63a-4ba6-ba1c-1987273f7d41
Profession Name;First-Line Supervisors of Transportation and Material Moving Workers;28f5d683-6884-45cd-a96b-eaae559e292a  ;6aa11297-b706-40c5-9141-11729bc7126a
Profession Name;Air Transportation Workers;28f5d683-6884-45cd-a96b-eaae559e292a  ;b8810bab-53b5-493f-8ae2-239b26b08454
Profession Name;Heavy and Tractor-Trailer Truck Drivers;28f5d683-6884-45cd-a96b-eaae559e292a  ;3fa5c662-1635-4669-bef5-edbc3f76cff8
Profession Name;Light Truck Drivers;28f5d683-6884-45cd-a96b-eaae559e292a  ;968328b2-1bcc-4f6c-854a-dbdf7acd0379
Profession Name;Passenger Vehicle Drivers;28f5d683-6884-45cd-a96b-eaae559e292a  ;8956d91d-6bf0-45dc-8b94-2116e6dae25d
Profession Name;Shuttle Drivers and Chauffeurs;28f5d683-6884-45cd-a96b-eaae559e292a  ;28b4da79-db37-4d7d-876a-ddd0f02445fe
Profession Name;Taxi Drivers;28f5d683-6884-45cd-a96b-eaae559e292a  ;8c74dc1a-c2a1-48ed-9942-57bfe9e1f138
Profession Name;Miscellaneous Motor Vehicle Operators;28f5d683-6884-45cd-a96b-eaae559e292a  ;38bfec7c-c3aa-4ae6-84d0-9e0296342100
Profession Name;Rail Transportation Workers;28f5d683-6884-45cd-a96b-eaae559e292a  ;d03971da-8bb1-4ecd-b1e6-ef6a68ae4cc7
Profession Name;Locomotive Engineers and Operators;28f5d683-6884-45cd-a96b-eaae559e292a  ;08b1f874-204b-489a-963f-daa80a4a4c1c
Profession Name;Locomotive Engineers;28f5d683-6884-45cd-a96b-eaae559e292a  ;a0db0d47-6fdf-42f5-8880-8b1a6e42f7a4
Profession Name;Railroad Conductors and Yardmasters;28f5d683-6884-45cd-a96b-eaae559e292a  ;6a9dfb4b-3ef2-420a-a0e0-da79e422220b
Profession Name;Subway and Streetcar Operators;28f5d683-6884-45cd-a96b-eaae559e292a  ;706e238a-7e56-482b-9258-2ae09d50cc47
Profession Name;Miscellaneous Rail Transportation Workers;28f5d683-6884-45cd-a96b-eaae559e292a  ;3ccdd989-2b92-436a-829d-870a21246d82
Profession Name;Water Transportation Workers;28f5d683-6884-45cd-a96b-eaae559e292a  ;99099a07-f96b-4a38-914c-970988300b38
Profession Name;Sailors and Marine Oilers;28f5d683-6884-45cd-a96b-eaae559e292a  ;4aa34f1c-3235-41df-b6ef-f7dd8c7ed4ad
Profession Name;Ship and Boat Captains and Operators;28f5d683-6884-45cd-a96b-eaae559e292a  ;078e0813-8d62-4b63-8bb6-12cbed61291f
Profession Name;Motorboat Operators;28f5d683-6884-45cd-a96b-eaae559e292a  ;3fb5734e-c1d2-4b68-b168-646570d490c1
Profession Name;Ship Engineers;28f5d683-6884-45cd-a96b-eaae559e292a  ;7cf8d403-070a-4787-9d7b-1d885683300b
Profession Name;Other Transportation Workers;28f5d683-6884-45cd-a96b-eaae559e292a  ;a4435357-9aa2-4491-b743-56ec92b3aa40
Profession Name;Bridge and Lock Tenders;28f5d683-6884-45cd-a96b-eaae559e292a  ;05d25071-4aec-4ddf-93b0-b99e8ce178ae
Profession Name;Parking Attendants;28f5d683-6884-45cd-a96b-eaae559e292a  ;1acaf117-1d11-4891-8daa-05559dba1a56
Profession Name;Transportation Service Attendants;28f5d683-6884-45cd-a96b-eaae559e292a  ;8dcf2f06-d047-45a3-b91b-93c7dc5f146b
Profession Name;Automotive and Watercraft Service Attendants;28f5d683-6884-45cd-a96b-eaae559e292a  ;1cbc7f24-879f-41c0-b52f-1016f7c3ce87
Profession Name;Aircraft Service Attendants;28f5d683-6884-45cd-a96b-eaae559e292a  ;6066532c-41c7-47fa-b949-3505f48d2009
Profession Name;Traffic Technicians;28f5d683-6884-45cd-a96b-eaae559e292a  ;b798f965-35da-4635-b264-790c37286251
Profession Name;Transportation Inspectors;28f5d683-6884-45cd-a96b-eaae559e292a  ;509a86ae-c536-4455-b36e-a647620334e7
Profession Name;Management Occupations;28f5d683-6884-45cd-a96b-eaae559e292a  ;cb813352-7745-4dd2-825c-18e653874866
Profession Name;Top Executives;28f5d683-6884-45cd-a96b-eaae559e292a  ;3566b1c2-71ef-4a53-9b65-a505c74f2834
Profession Name;Chief Executives;28f5d683-6884-45cd-a96b-eaae559e292a  ;036948f9-6351-4542-b915-b8a41335968c
Profession Name;General and Operations Managers;28f5d683-6884-45cd-a96b-eaae559e292a  ;a65905bc-ead1-4d17-ab30-fd8a6d3d8ffe
Profession Name;Legislators;28f5d683-6884-45cd-a96b-eaae559e292a  ;679e8e1c-3d43-45e6-96ce-a09192722102
Profession Name;Advertising and Promotions Managers;28f5d683-6884-45cd-a96b-eaae559e292a  ;067863d5-85e9-4c69-aab4-1498af87e0b0
Profession Name;Marketing and Sales Managers;28f5d683-6884-45cd-a96b-eaae559e292a  ;6ee45e72-8fd6-4567-9e30-88d1ca822d0d
Profession Name;Marketing Managers;28f5d683-6884-45cd-a96b-eaae559e292a  ;193197d3-7235-477c-8419-ad33f5451519
Profession Name;Sales Managers;28f5d683-6884-45cd-a96b-eaae559e292a  ;23d82a6a-3abe-4d64-91b7-c86fd5a52f53
Profession Name;Public Relations and Fundraising Managers;28f5d683-6884-45cd-a96b-eaae559e292a  ;ab256bdd-e40c-4ac6-88e3-386b3fbcd59d
Profession Name;Public Relations Managers;28f5d683-6884-45cd-a96b-eaae559e292a  ;9589cb59-15f2-4a5f-8666-850a7d949f2e
Profession Name;Fundraising Managers;28f5d683-6884-45cd-a96b-eaae559e292a  ;423faba4-175e-4af0-9b96-edf9cb80d5a0
Profession Name;Operations Specialties Managers;28f5d683-6884-45cd-a96b-eaae559e292a  ;e955f083-f83d-485b-a3f6-ce2993b87d3c
Profession Name;Administrative Services and Facilities Managers;28f5d683-6884-45cd-a96b-eaae559e292a  ;a3367e01-c4fe-43fe-80f4-10b039bf37cc
Profession Name;Administrative Services Managers;28f5d683-6884-45cd-a96b-eaae559e292a  ;78c5e1d6-fa7d-40a1-a824-cddd994c3769
Profession Name;Facilities Managers;28f5d683-6884-45cd-a96b-eaae559e292a  ;1118402c-f16b-4507-89f5-98bd8ec061c5
Profession Name;Computer and Information Systems Managers;28f5d683-6884-45cd-a96b-eaae559e292a  ;6abd9652-9907-481d-9f91-d2d226642c53
Profession Name;Financial Managers;28f5d683-6884-45cd-a96b-eaae559e292a  ;13c090d3-7a05-41a0-bda5-b1ff259c69b4
Profession Name;Industrial Production Managers;28f5d683-6884-45cd-a96b-eaae559e292a  ;b11c5041-7774-451e-859e-a8561c14334d
Profession Name;Laundry and Dry-Cleaning Workers;28f5d683-6884-45cd-a96b-eaae559e292a  ;0a75ea55-f038-4878-a660-dc81f95e70a8
Profession Name;Aircraft Pilots and Flight Engineers;28f5d683-6884-45cd-a96b-eaae559e292a  ;ae894682-0157-4bbf-9f9d-072853253afd
Profession Name;Commercial Pilots;28f5d683-6884-45cd-a96b-eaae559e292a  ;9c5215a9-e9b7-4d9b-a059-dc9ea3851818
Profession Name;Air Traffic Controllers and Airfield Operations Specialists;28f5d683-6884-45cd-a96b-eaae559e292a  ;007fd204-e563-4f9f-b967-313299c956e3
Profession Name;Air Traffic Controllers;28f5d683-6884-45cd-a96b-eaae559e292a  ;a51ee807-1938-4f97-890d-3ecba8f8b423
Profession Name;Airfield Operations Specialists;28f5d683-6884-45cd-a96b-eaae559e292a  ;a1af19a6-4c8a-4671-9fd1-9f598be80641
Profession Name;Flight Attendants;28f5d683-6884-45cd-a96b-eaae559e292a  ;5c4d321b-bbbb-4b11-9965-ffe2abbdda9b
Profession Name;Motor Vehicle Operators;28f5d683-6884-45cd-a96b-eaae559e292a  ;ea7949e2-29cc-4848-b5f7-650cd14bd8de
Profession Name;Driver/Sales Workers and Truck Drivers;28f5d683-6884-45cd-a96b-eaae559e292a  ;ed8d8a8d-009e-4fd9-b0b5-d68e6c9126c9
Profession Name;Driver/Sales Workers;28f5d683-6884-45cd-a96b-eaae559e292a  ;d5ee4dff-14b8-41c3-8efd-5d0f596e8113
Profession Name;Logisticians;28f5d683-6884-45cd-a96b-eaae559e292a  ;02cb2719-9fe0-4c9a-aa73-a9e357495884
Profession Name;Management Analysts;28f5d683-6884-45cd-a96b-eaae559e292a  ;b62e5e08-017d-4300-a7f9-7ce55b390cc2
Profession Name;Fundraisers;28f5d683-6884-45cd-a96b-eaae559e292a  ;566f7a84-6172-4d29-a611-726e113787d2
Profession Name;Training and Development Specialists;28f5d683-6884-45cd-a96b-eaae559e292a  ;1ab70877-c87c-4ddc-9be0-857aad9e54ae
Profession Name;Market Research Analysts and Marketing Specialists;28f5d683-6884-45cd-a96b-eaae559e292a  ;11765652-2de8-47cc-94de-e0811cc7356b
Profession Name;Miscellaneous Business Operations Specialists;28f5d683-6884-45cd-a96b-eaae559e292a  ;dc65c829-0f50-4663-9236-70ae6c7eafd8
Profession Name;Financial Specialists;28f5d683-6884-45cd-a96b-eaae559e292a  ;d65e6a3b-a15f-4410-a388-60f626f46f3d
Profession Name;Accountants and Auditors;28f5d683-6884-45cd-a96b-eaae559e292a  ;fdfa965a-23cf-4869-9ab6-639f1fb52cf8
Profession Name;Property Appraisers and Assessors;28f5d683-6884-45cd-a96b-eaae559e292a  ;61a9f253-fb2c-4936-8826-220e95f0fd23
Profession Name;Budget Analysts;28f5d683-6884-45cd-a96b-eaae559e292a  ;1775a001-1a6b-4f61-9ba5-afbef9d4b580
Profession Name;Credit Analysts;28f5d683-6884-45cd-a96b-eaae559e292a  ;ebaad77d-5601-4f4d-9902-0f9c4699cb24
Profession Name;Financial Analysts and Advisors;28f5d683-6884-45cd-a96b-eaae559e292a  ;1b21043e-2789-47e3-9f72-0747ce4abfd2
Profession Name;Financial and Investment Analysts;28f5d683-6884-45cd-a96b-eaae559e292a  ;9336ef85-0007-483c-a706-d77bad6ea2ea
Profession Name;Personal Financial Advisors;28f5d683-6884-45cd-a96b-eaae559e292a  ;1a0579bf-3204-4723-b6e0-2578eac4e654
Profession Name;Computer Network Architects;28f5d683-6884-45cd-a96b-eaae559e292a  ;1846c2d1-0966-4e4a-b0e7-8456f6de689d
Profession Name;Database Administrators;28f5d683-6884-45cd-a96b-eaae559e292a  ;a6c8ce5d-e976-4bf7-b486-5dd88a69c411
Profession Name;Database Architects;28f5d683-6884-45cd-a96b-eaae559e292a  ;5a77996e-acb5-421c-ae76-f492d08aba5b
Profession Name;Network and Computer Systems Administrators;28f5d683-6884-45cd-a96b-eaae559e292a  ;a3072ec7-6743-4cb9-898d-407157d48244
Profession Name;Computer Programmers;28f5d683-6884-45cd-a96b-eaae559e292a  ;a3985004-1cbf-4615-a4ea-1780e1ae0fff
Profession Name;Software Developers;28f5d683-6884-45cd-a96b-eaae559e292a  ;0224fc4f-cbee-4dd6-931e-758a0b157260
Profession Name;Software Quality Assurance Analysts and Testers;28f5d683-6884-45cd-a96b-eaae559e292a  ;a81cdb5d-631d-49cb-824f-30b56ae816f4
Profession Name;Web Developers;28f5d683-6884-45cd-a96b-eaae559e292a  ;bca206fa-bebf-4572-b190-7b6be4a13c01
Profession Name;Web and Digital Interface Designers;28f5d683-6884-45cd-a96b-eaae559e292a  ;97683088-ad75-4b88-adc6-620173155161
Profession Name;Miscellaneous Computer Occupations;28f5d683-6884-45cd-a96b-eaae559e292a  ;9543eef5-42b1-499b-99a2-c7bd210c91eb
Profession Name;Mathematical Science Occupations;28f5d683-6884-45cd-a96b-eaae559e292a  ;6f38a803-5194-4907-a8a0-839cb30a8ba4
Profession Name;Actuaries;28f5d683-6884-45cd-a96b-eaae559e292a  ;8a53ae93-6d06-402b-8649-73dc28a0e0f9
Profession Name;Mathematicians;28f5d683-6884-45cd-a96b-eaae559e292a  ;47b74884-f11b-42b1-a0d2-a14ff8d0ae7a
Profession Name;Operations Research Analysts;28f5d683-6884-45cd-a96b-eaae559e292a  ;dd8e7be3-6621-463f-b0a6-70a368784027
Profession Name;Statisticians;28f5d683-6884-45cd-a96b-eaae559e292a  ;100e8a2c-23ed-4a3d-98e8-cc2b51b7f639
Profession Name;Data Scientists;28f5d683-6884-45cd-a96b-eaae559e292a  ;946fca96-56ab-4d43-a6c6-56d8bd915e0e
Profession Name;Miscellaneous Mathematical Science Occupations;28f5d683-6884-45cd-a96b-eaae559e292a  ;9113bf09-ec1b-4d70-803e-c65c9e712869
Profession Name;Architecture and Engineering Occupations;28f5d683-6884-45cd-a96b-eaae559e292a  ;6b67b1f2-5f4d-4a22-b3fd-df53e28208bc
Profession Name;Landscape Architects;28f5d683-6884-45cd-a96b-eaae559e292a  ;c0231782-6926-4172-9050-1629bc573e9b
Profession Name;Cartographers and Photogrammetrists;28f5d683-6884-45cd-a96b-eaae559e292a  ;9ff414df-48ee-4656-b8ca-34611548d2e4
Profession Name;Surveyors;28f5d683-6884-45cd-a96b-eaae559e292a  ;7db1f1b4-0da2-4c5d-b830-97bdbec93304
Profession Name;Engineers;28f5d683-6884-45cd-a96b-eaae559e292a  ;941c4d1c-f078-4a9b-824b-33e88c7b721f
Profession Name;Aerospace Engineers;28f5d683-6884-45cd-a96b-eaae559e292a  ;6d6b0f7e-93dc-471f-b8ff-c2fd0f0254c9
Profession Name;Agricultural Engineers;28f5d683-6884-45cd-a96b-eaae559e292a  ;10000b07-a4e2-45fd-80ff-c6716c82eb85
Profession Name;Bioengineers and Biomedical Engineers;28f5d683-6884-45cd-a96b-eaae559e292a  ;8b2195a8-d441-4995-ae53-d43064cc14b6
Profession Name;Chemical Engineers;28f5d683-6884-45cd-a96b-eaae559e292a  ;1b209cfa-6df8-4491-8689-501725b4c0dd
Profession Name;Civil Engineers;28f5d683-6884-45cd-a96b-eaae559e292a  ;50728739-7f58-4094-8b00-1a9f327131a4
Profession Name;Computer Hardware Engineers;28f5d683-6884-45cd-a96b-eaae559e292a  ;8d84411c-9e3f-4fe6-9ae4-eed4ed08a655
Profession Name;Electrical and Electronics Engineers;28f5d683-6884-45cd-a96b-eaae559e292a  ;25e66309-3c80-4524-b326-10a1d531a2ca
Profession Name;Electrical Engineers;28f5d683-6884-45cd-a96b-eaae559e292a  ;5661e6d6-ac8a-48b2-9dbe-126d46ad5078
Profession Name;Environmental Engineers;28f5d683-6884-45cd-a96b-eaae559e292a  ;35352e91-d197-46b6-9ee6-802fa815405e
Profession Name;Industrial Engineers;28f5d683-6884-45cd-a96b-eaae559e292a  ;c1484d85-4183-4cbf-9fce-225618cb1802
Profession Name;Biological Technicians;28f5d683-6884-45cd-a96b-eaae559e292a  ;26e15bfc-dc5a-4fd3-ae84-2717c949b104
Profession Name;Chemical Technicians;28f5d683-6884-45cd-a96b-eaae559e292a  ;6c3fe1f7-aa37-4c70-8308-02089ee6e45e
Profession Name;Environmental Science and Geoscience Technicians;28f5d683-6884-45cd-a96b-eaae559e292a  ;fb8d2d86-9a79-426d-8a87-75d05c2203e4
Profession Name;Hydrologic Technicians;28f5d683-6884-45cd-a96b-eaae559e292a  ;6156cb7b-1678-4771-af98-e2092f5d5627
Profession Name;Nuclear Technicians;28f5d683-6884-45cd-a96b-eaae559e292a  ;af9e508a-f477-48d0-ac76-88cc883f06f2
Profession Name;Social Science Research Assistants;28f5d683-6884-45cd-a96b-eaae559e292a  ;fed99dc8-d1b4-4376-ba17-bebb93f0c430
Profession Name;Forest and Conservation Technicians;28f5d683-6884-45cd-a96b-eaae559e292a  ;769a7c6e-3368-40ac-b3e1-329947d81e63
Profession Name;Forensic Science Technicians;28f5d683-6884-45cd-a96b-eaae559e292a  ;269c8bc2-ef6c-4b1d-ae16-7dc14e7c2bae
Profession Name;Occupational Health and Safety Specialists and Technicians;28f5d683-6884-45cd-a96b-eaae559e292a  ;d4900305-4b04-45df-9cb6-a41bfbb6e53e
Profession Name;Occupational Health and Safety Specialists;28f5d683-6884-45cd-a96b-eaae559e292a  ;a377d65b-b491-4d87-8ff5-745d09490c83
Profession Name;Occupational Health and Safety Technicians;28f5d683-6884-45cd-a96b-eaae559e292a  ;acc662e4-570a-4b9e-beca-89db4010ecf0
Profession Name;Therapists;28f5d683-6884-45cd-a96b-eaae559e292a  ;34551495-7448-402d-b48c-21627718d15c
Profession Name;Community and Social Service Occupations;28f5d683-6884-45cd-a96b-eaae559e292a  ;6c3814c4-c2c4-40da-a2ae-6d5b39da3870
Profession Name;Counselors;28f5d683-6884-45cd-a96b-eaae559e292a  ;1ba1ca1d-537b-4e48-995b-56bde25fc70f
Profession Name;Marriage and Family Therapists;28f5d683-6884-45cd-a96b-eaae559e292a  ;8edc04cb-4c34-451d-9afe-17b5619faf5c
Profession Name;Rehabilitation Counselors;28f5d683-6884-45cd-a96b-eaae559e292a  ;45f2e46b-301f-4ea4-b4d0-ca28d3449408
Profession Name;Social Workers;28f5d683-6884-45cd-a96b-eaae559e292a  ;efacd8b6-30c7-4337-8b5b-e87fc572a28c
Profession Name;Healthcare Social Workers;28f5d683-6884-45cd-a96b-eaae559e292a  ;dd1b7ed4-c6b8-4ee1-9976-194105bb3181
Profession Name;Mental Health and Substance Abuse Social Workers;28f5d683-6884-45cd-a96b-eaae559e292a  ;34e1025e-0128-4c7f-8f51-b17b0936edb7
Profession Name;Miscellaneous Community and Social Service Specialists;28f5d683-6884-45cd-a96b-eaae559e292a  ;5ba6e2ad-e613-46f9-bafe-40ae509090fa
Profession Name;Health Education Specialists;28f5d683-6884-45cd-a96b-eaae559e292a  ;b8fcbc89-15af-488b-8278-da96095fde0f
Profession Name;Probation Officers and Correctional Treatment Specialists;28f5d683-6884-45cd-a96b-eaae559e292a  ;893347ea-da97-451a-8588-1cfc86b89f94
Profession Name;Social and Human Service Assistants;28f5d683-6884-45cd-a96b-eaae559e292a  ;083bb1d4-9107-4f6f-8eff-d807c6b819ac
Profession Name;Community Health Workers;28f5d683-6884-45cd-a96b-eaae559e292a  ;c1b95bfb-d8f2-4cfb-9cd0-bc28a8268c02
Profession Name;Religious Workers;28f5d683-6884-45cd-a96b-eaae559e292a  ;26e7599d-9d0f-4fa1-91b5-6e5684a52207
Profession Name;Clergy;28f5d683-6884-45cd-a96b-eaae559e292a  ;f54dccbc-c7f1-42e3-bd84-6f74468afd89
Profession Name;Miscellaneous Religious Workers;28f5d683-6884-45cd-a96b-eaae559e292a  ;20bb900e-8a35-4b4e-bae9-540505450199
Profession Name;Legal Occupations;28f5d683-6884-45cd-a96b-eaae559e292a  ;553e2558-f40f-4af8-9f19-8db09f6f43a9
Profession Name;Lawyers and Judicial Law Clerks;28f5d683-6884-45cd-a96b-eaae559e292a  ;3c2b960f-0e6f-4238-b141-ef7c9f2f4792
Profession Name;Lawyers;28f5d683-6884-45cd-a96b-eaae559e292a  ;21a6584b-7dd3-42ec-9e22-5c00f27f4a08
Profession Name;Judicial Law Clerks;28f5d683-6884-45cd-a96b-eaae559e292a  ;9fc028af-84a1-4353-b896-e607afbf8020
Profession Name;Project Management Specialists;28f5d683-6884-45cd-a96b-eaae559e292a  ;b4618e0d-3bec-4460-8e17-d36735e06b20
Profession Name;Barbers;28f5d683-6884-45cd-a96b-eaae559e292a  ;8d6e08ee-416a-4c77-a529-540c73ed60ad
Profession Name;Tapers;28f5d683-6884-45cd-a96b-eaae559e292a  ;b719b53e-038c-4435-8b54-32fb2fada4c8
Profession Name;Passenger Attendants;28f5d683-6884-45cd-a96b-eaae559e292a  ;5b798f1b-242e-4214-b8a8-7208f87f37c3
Profession Name;Miscellaneous Transportation Workers;28f5d683-6884-45cd-a96b-eaae559e292a  ;1b89efd3-6a91-4696-a3cf-41e5c0b63484
Profession Name;Material Moving Workers;28f5d683-6884-45cd-a96b-eaae559e292a  ;cb436164-86c0-4b66-930b-ee3e2e7e241b
Profession Name;Conveyor Operators and Tenders;28f5d683-6884-45cd-a96b-eaae559e292a  ;d3a24f3a-2aa6-4c67-96f8-326e0faaa014
Profession Name;Crane and Tower Operators;28f5d683-6884-45cd-a96b-eaae559e292a  ;ebe7b940-4d5a-4f12-8771-3bfe256e7694
Profession Name;Dredge Operators;28f5d683-6884-45cd-a96b-eaae559e292a  ;c9539cbd-43ca-4648-a6dc-7edef1585e08
Profession Name;Hoist and Winch Operators;28f5d683-6884-45cd-a96b-eaae559e292a  ;5cdfc723-f1dd-4a21-86c7-dd6071ec81e4
Profession Name;Industrial Truck and Tractor Operators;28f5d683-6884-45cd-a96b-eaae559e292a  ;326b7d4d-e990-4f0b-a29f-f9ccafaec11e
Profession Name;Laborers and Material Movers;28f5d683-6884-45cd-a96b-eaae559e292a  ;f78abb6e-bf71-48fb-89f1-cdfa7de3df9e
Profession Name;Cleaners of Vehicles and Equipment;28f5d683-6884-45cd-a96b-eaae559e292a  ;036173b6-6d5c-4b72-8eea-5772eff033fc
Profession Name;Machine Feeders and Offbearers;28f5d683-6884-45cd-a96b-eaae559e292a  ;92bb8a92-273a-4456-aeec-d643946d93ad
Profession Name;Stockers and Order Fillers;28f5d683-6884-45cd-a96b-eaae559e292a  ;4159b9e5-1b43-4df9-ad3e-8a6fc42caac8
Profession Name;Pumping Station Operators;28f5d683-6884-45cd-a96b-eaae559e292a  ;6c1373e1-bbac-4f3b-b56e-845e501040fd
Profession Name;Gas Compressor and Gas Pumping Station Operators;28f5d683-6884-45cd-a96b-eaae559e292a  ;20d88a9b-8880-47f0-988a-56a92ec7faba
Profession Name;Wellhead Pumpers;28f5d683-6884-45cd-a96b-eaae559e292a  ;357129b0-7f86-4573-8448-ee06e68bc74a
Profession Name;Refuse and Recyclable Material Collectors;28f5d683-6884-45cd-a96b-eaae559e292a  ;94c546d0-5423-4177-93e0-aedf8240d434
Profession Name;Miscellaneous Material Moving Workers;28f5d683-6884-45cd-a96b-eaae559e292a  ;2dead212-0783-4b56-b18d-9c192ee956cb
Profession Name;Cooling and Freezing Equipment Operators and Tenders;28f5d683-6884-45cd-a96b-eaae559e292a  ;5ff161e1-11fe-4f30-9fc1-6f14c938e7b6
Profession Name;Etchers and Engravers;28f5d683-6884-45cd-a96b-eaae559e292a  ;740be30d-5164-4888-9bbf-58552a877baf
Profession Name;Tire Builders;28f5d683-6884-45cd-a96b-eaae559e292a  ;65a7cbaa-b7b5-4693-bec2-f23ddae8f61d
Profession Name;Helpers--Production Workers;28f5d683-6884-45cd-a96b-eaae559e292a  ;e5e3137f-bd97-4f8d-ba78-942ee42c2d2b
Profession Name;Transportation and Material Moving Occupations;28f5d683-6884-45cd-a96b-eaae559e292a  ;968da3f1-eb18-496b-a3d9-daa0692ba3dc
Profession Name;Aircraft Cargo Handling Supervisors;28f5d683-6884-45cd-a96b-eaae559e292a  ;d56b854d-b38e-4c8a-8422-f9ac606c75a2
Profession Name;Purchasing Managers;28f5d683-6884-45cd-a96b-eaae559e292a  ;5cdce772-3721-4f8b-a282-4a8da6e100fa
Profession Name;Compensation and Benefits Managers;28f5d683-6884-45cd-a96b-eaae559e292a  ;4fdd9465-1e8e-425f-8376-de38ed91dad2
Profession Name;Human Resources Managers;28f5d683-6884-45cd-a96b-eaae559e292a  ;c6eefb7f-2fa1-4b78-918f-b4a5024b43cb
Profession Name;Training and Development Managers;28f5d683-6884-45cd-a96b-eaae559e292a  ;3a8893ce-7ea6-4309-9224-2ab908221b9b
Profession Name;Other Management Occupations;28f5d683-6884-45cd-a96b-eaae559e292a  ;47d820d6-dc3f-4748-bd76-0ee8b591f5bc
Profession Name;Construction Managers;28f5d683-6884-45cd-a96b-eaae559e292a  ;d07de527-9512-4be2-afd3-3bf6955b9e10
Profession Name;Education and Childcare Administrators;28f5d683-6884-45cd-a96b-eaae559e292a  ;758e23a8-75fd-4a86-a2c5-71fb48748f84
Profession Name;Architectural and Engineering Managers;28f5d683-6884-45cd-a96b-eaae559e292a  ;2932d7d3-80bc-4e59-81e4-867e587c1bde
Profession Name;Food Service Managers;28f5d683-6884-45cd-a96b-eaae559e292a  ;289e9700-e08c-4d62-b220-cc81b13c3c2c
Profession Name;Entertainment and Recreation Managers;28f5d683-6884-45cd-a96b-eaae559e292a  ;842d8ca8-2351-446b-9c50-50d377586872
Profession Name;Gambling Managers;28f5d683-6884-45cd-a96b-eaae559e292a  ;ea1b69e0-3373-41c7-a65b-3868ab0aa095
Profession Name;Lodging Managers;28f5d683-6884-45cd-a96b-eaae559e292a  ;09d24268-1a36-4a15-afa0-9c519295e931
Profession Name;Medical and Health Services Managers;28f5d683-6884-45cd-a96b-eaae559e292a  ;d4e1a533-19fa-47f2-a25c-ce03383c77d0
Profession Name;Natural Sciences Managers;28f5d683-6884-45cd-a96b-eaae559e292a  ;280b1191-99c8-4e68-83dc-f4a25623b024
Profession Name;Postmasters and Mail Superintendents;28f5d683-6884-45cd-a96b-eaae559e292a  ;4e64c81e-de30-47bb-94b1-98cae4df952d
Profession Name;Social and Community Service Managers;28f5d683-6884-45cd-a96b-eaae559e292a  ;3ec3ab61-2b1d-4037-bcc0-327103788f74
Profession Name;Emergency Management Directors;28f5d683-6884-45cd-a96b-eaae559e292a  ;c95a79f3-e40a-4013-af28-658ac4600fe4
Profession Name;Personal Service Managers;28f5d683-6884-45cd-a96b-eaae559e292a  ;82e07d71-de82-41ff-b6f4-cd1a3a158791
Profession Name;Funeral Home Managers;28f5d683-6884-45cd-a96b-eaae559e292a  ;6d983918-8d1e-435f-9806-eddb5e1280ef
Profession Name;Miscellaneous Managers;28f5d683-6884-45cd-a96b-eaae559e292a  ;7b2bfa4c-28c8-4901-ada6-0ba6265c10ba
Profession Name;Business and Financial Operations Occupations;28f5d683-6884-45cd-a96b-eaae559e292a  ;b9a1b476-1062-4104-ae3c-5883c45e4aa1
Profession Name;Business Operations Specialists;28f5d683-6884-45cd-a96b-eaae559e292a  ;644e9fbb-d727-44e1-8891-7f192a1ad65a
Profession Name;Buyers and Purchasing Agents;28f5d683-6884-45cd-a96b-eaae559e292a  ;62252953-e829-4e54-9bc4-4bfb6d1a5249
Profession Name;Compliance Officers;28f5d683-6884-45cd-a96b-eaae559e292a  ;8276b912-9438-4647-b31d-c1150df66894
Profession Name;Cost Estimators;28f5d683-6884-45cd-a96b-eaae559e292a  ;446b4702-58ee-4f56-9f3e-df4e02a05b78
Profession Name;Human Resources Workers;28f5d683-6884-45cd-a96b-eaae559e292a  ;b39e2dba-3f63-4289-a14e-89ec5826c4ff
Profession Name;Human Resources Specialists;28f5d683-6884-45cd-a96b-eaae559e292a  ;8c950095-7d7b-44a6-83b2-436933ce94b6
Profession Name;Farm Labor Contractors;28f5d683-6884-45cd-a96b-eaae559e292a  ;896e7c1b-8f81-41df-aded-5da1aa220f24
Profession Name;Labor Relations Specialists;28f5d683-6884-45cd-a96b-eaae559e292a  ;ca7bfd73-d80a-474c-8b2a-6f0fc72a7bee
Profession Name;Logisticians and Project Management Specialists;28f5d683-6884-45cd-a96b-eaae559e292a  ;1bad68e2-82ab-4178-a2b9-704b7cc3141e
Profession Name;Foresters;28f5d683-6884-45cd-a96b-eaae559e292a  ;b01c4c6f-3e21-4584-9171-7b076d67bb39
Profession Name;Medical Scientists;28f5d683-6884-45cd-a96b-eaae559e292a  ;11e2f26a-4e69-4879-a003-0ce2038a6c0a
Profession Name;Epidemiologists;28f5d683-6884-45cd-a96b-eaae559e292a  ;5badf84f-fba6-4b0d-bebf-fea5cac46531
Profession Name;Miscellaneous Life Scientists;28f5d683-6884-45cd-a96b-eaae559e292a  ;821f7abb-24cd-4a6d-a743-f8ebe4851738
Profession Name;Physical Scientists;28f5d683-6884-45cd-a96b-eaae559e292a  ;c944b0cc-b405-40d3-83d1-88db1b30217a
Profession Name;Astronomers and Physicists;28f5d683-6884-45cd-a96b-eaae559e292a  ;09a1b200-fa81-400d-aeb1-e5973635c48d
Profession Name;Astronomers;28f5d683-6884-45cd-a96b-eaae559e292a  ;e2b782e1-52da-4e8a-8ee0-91de3ecd5be5
Profession Name;Physicists;28f5d683-6884-45cd-a96b-eaae559e292a  ;e9bf4bff-fb32-4c1b-a989-565fea7396b2
Profession Name;Atmospheric and Space Scientists;28f5d683-6884-45cd-a96b-eaae559e292a  ;ddf3d4b5-ada1-42f7-8065-f62838be1af7
Profession Name;Chemists and Materials Scientists;28f5d683-6884-45cd-a96b-eaae559e292a  ;646ba507-03b2-4dd6-8b35-71570bcc1fa1
Profession Name;Chemists;28f5d683-6884-45cd-a96b-eaae559e292a  ;d679f709-00fe-4734-92b2-1491a92dc9cb
Profession Name;Materials Scientists;28f5d683-6884-45cd-a96b-eaae559e292a  ;aa8e5eb5-3463-493d-8540-7634184d968c
Profession Name;Environmental Scientists and Geoscientists;28f5d683-6884-45cd-a96b-eaae559e292a  ;69c9307c-b037-4a64-9ccd-71f4e51760f8
Profession Name;Hydrologists;28f5d683-6884-45cd-a96b-eaae559e292a  ;1e7d9109-04e5-4071-9de9-ff17305a39a5
Profession Name;Miscellaneous Physical Scientists;28f5d683-6884-45cd-a96b-eaae559e292a  ;3ccb52ab-e738-4c94-ba32-6cd580ebb7ca
Profession Name;Social Scientists and Related Workers;28f5d683-6884-45cd-a96b-eaae559e292a  ;b83adbe2-58f5-4875-aaff-101b8cb08318
Profession Name;Economists;28f5d683-6884-45cd-a96b-eaae559e292a  ;6f60ba6b-03ab-4a58-b5de-6313d298b4cd
Profession Name;Survey Researchers;28f5d683-6884-45cd-a96b-eaae559e292a  ;16209786-f41f-4651-9106-b8fe3efd5d73
Profession Name;Psychologists;28f5d683-6884-45cd-a96b-eaae559e292a  ;6bbbe6a1-f7ac-49c8-b757-5c71ea366b5d
Profession Name;Industrial-Organizational Psychologists;28f5d683-6884-45cd-a96b-eaae559e292a  ;9493c9b5-d1f1-4719-90a0-df7bc853bd4c
Profession Name;Clinical and Counseling Psychologists;28f5d683-6884-45cd-a96b-eaae559e292a  ;52363c79-310b-490a-a446-dfc005ad89a9
Profession Name;School Psychologists;28f5d683-6884-45cd-a96b-eaae559e292a  ;d69eea62-6f98-4cc5-8f16-8cfdf676259e
Profession Name;Sociologists;28f5d683-6884-45cd-a96b-eaae559e292a  ;cdbee2f3-e24a-4c51-b12a-1f58609a9058
Profession Name;Urban and Regional Planners;28f5d683-6884-45cd-a96b-eaae559e292a  ;8631a0cf-b0ae-4ea8-9eee-632afaad44ae
Profession Name;Miscellaneous Social Scientists and Related Workers;28f5d683-6884-45cd-a96b-eaae559e292a  ;bbed4795-13e6-4af5-ae57-e9c8b6c4d284
Profession Name;Anthropologists and Archeologists;28f5d683-6884-45cd-a96b-eaae559e292a  ;a8b55b03-5546-42a8-a5e4-9b640444e325
Profession Name;Geographers;28f5d683-6884-45cd-a96b-eaae559e292a  ;5835bb1a-7c98-41cf-9fe6-185ae6dda212
Profession Name;Historians;28f5d683-6884-45cd-a96b-eaae559e292a  ;678b204f-aab8-46ae-9c55-3741dcf11db8
Profession Name;Political Scientists;28f5d683-6884-45cd-a96b-eaae559e292a  ;5b14c2ed-86f7-4162-83b3-e943944ded6d
Profession Name;Agricultural and Food Science Technicians;28f5d683-6884-45cd-a96b-eaae559e292a  ;4400561c-5ac6-4c89-b3c6-d23cc77f0257
Profession Name;Agricultural Technicians;28f5d683-6884-45cd-a96b-eaae559e292a  ;dc429cfb-4d23-4158-b877-e408af8164bc
Profession Name;Food Science Technicians;28f5d683-6884-45cd-a96b-eaae559e292a  ;91fde1da-8dd1-41bc-9a95-6f2e415f1229
Profession Name;Legal Support Workers;28f5d683-6884-45cd-a96b-eaae559e292a  ;1a5e3a7a-938b-4d3e-854e-ab03f085f1ee
Profession Name;Paralegals and Legal Assistants;28f5d683-6884-45cd-a96b-eaae559e292a  ;74ac2af1-74f7-4430-8f41-1326ad70ab4e
Profession Name;Miscellaneous Legal Support Workers;28f5d683-6884-45cd-a96b-eaae559e292a  ;e68b4d74-9e34-49b0-8aad-4eeadf574bc8
Profession Name;Educational Instruction and Library Occupations;28f5d683-6884-45cd-a96b-eaae559e292a  ;7f8d56a1-d375-4ffa-90df-310e9f44290b
Profession Name;Postsecondary Teachers;28f5d683-6884-45cd-a96b-eaae559e292a  ;0f3398af-c8a9-406c-825e-5956f620b7d0
Profession Name;Miscellaneous Postsecondary Teachers;28f5d683-6884-45cd-a96b-eaae559e292a  ;eda7ea75-fb30-41bc-b523-aef297fac9b1
Profession Name;Preschool and Kindergarten Teachers;28f5d683-6884-45cd-a96b-eaae559e292a  ;77cb440c-73a4-4c36-a34e-fefd56b50aff
Profession Name;Elementary and Middle School Teachers;28f5d683-6884-45cd-a96b-eaae559e292a  ;b0218d13-8581-46a2-ab61-2b47d09c5528
Profession Name;Secondary School Teachers;28f5d683-6884-45cd-a96b-eaae559e292a  ;6089f56d-e085-43b9-af5d-a5e8a75774c0
Profession Name;Special Education Teachers;28f5d683-6884-45cd-a96b-eaae559e292a  ;0f9bec8e-8871-4380-977e-eb4f41d4ce7b
Profession Name;Other Teachers and Instructors;28f5d683-6884-45cd-a96b-eaae559e292a  ;58b61dda-9c9f-4096-8c34-cce308d2963d
Profession Name;Self-Enrichment Teachers;28f5d683-6884-45cd-a96b-eaae559e292a  ;754c7aff-064d-454d-b700-6158d73f8323
Profession Name;Tutors;28f5d683-6884-45cd-a96b-eaae559e292a  ;4cd8dd93-c091-42e4-bd70-5a79cf576bee
Profession Name;Miscellaneous Teachers and Instructors;28f5d683-6884-45cd-a96b-eaae559e292a  ;334003be-08ea-4aa2-a87b-a71ce6de5e63
Profession Name;Archivists;28f5d683-6884-45cd-a96b-eaae559e292a  ;c3851416-c28d-478b-8612-7715b73eef0c
Profession Name;Curators;28f5d683-6884-45cd-a96b-eaae559e292a  ;06a8c0f2-8a94-44df-b12f-dec5be2edfb8
Profession Name;Museum Technicians and Conservators;28f5d683-6884-45cd-a96b-eaae559e292a  ;9486a630-1253-4ee7-b889-81e56c0d9de4
Profession Name;Librarians and Media Collections Specialists;28f5d683-6884-45cd-a96b-eaae559e292a  ;eb48e223-4302-434c-a5af-9d56d92d336f
Profession Name;Library Technicians;28f5d683-6884-45cd-a96b-eaae559e292a  ;d59678e2-beba-4bd6-822c-70ad534d5bab
Profession Name;Other Educational Instruction and Library Occupations;28f5d683-6884-45cd-a96b-eaae559e292a  ;ba0a806b-e326-4b25-a2a8-d1e80307fd5d
Profession Name;Farm and Home Management Educators;28f5d683-6884-45cd-a96b-eaae559e292a  ;6c9eaa77-1935-4ca3-8e10-900c81107570
Profession Name;Instructional Coordinators;28f5d683-6884-45cd-a96b-eaae559e292a  ;3a590d8d-d158-4151-9260-388fdaacbcc4
Profession Name;Teaching Assistants;28f5d683-6884-45cd-a96b-eaae559e292a  ;741d888f-1757-45b0-87d1-581258e06ebe
Profession Name;Sound Engineering Technicians;28f5d683-6884-45cd-a96b-eaae559e292a  ;a95d5a13-ca40-448a-abf4-1f1bdbf4b48b
Profession Name;Miscellaneous Educational Instruction and Library Workers;28f5d683-6884-45cd-a96b-eaae559e292a  ;98657e96-e8e8-404d-a12d-529ed6c8667e
Profession Name;Art and Design Workers;28f5d683-6884-45cd-a96b-eaae559e292a  ;ba18890e-2af8-4105-a710-902328a8cb94
Profession Name;Artists and Related Workers;28f5d683-6884-45cd-a96b-eaae559e292a  ;6e0a4d93-6183-4a19-9a52-36d9b4fa5aec
Profession Name;Art Directors;28f5d683-6884-45cd-a96b-eaae559e292a  ;47050f35-7ad9-4e6c-aa38-12cf6cfb9276
Profession Name;Craft Artists;28f5d683-6884-45cd-a96b-eaae559e292a  ;9b5c3c6e-0e2c-4ec0-91b2-f8761d8b64be
Profession Name;Special Effects Artists and Animators;28f5d683-6884-45cd-a96b-eaae559e292a  ;3f9086ee-2180-4fa0-a22e-5ef73bb76681
Profession Name;Designers;28f5d683-6884-45cd-a96b-eaae559e292a  ;ae45b389-c566-4007-a61e-fed6615d3f70
Profession Name;Insurance Underwriters;28f5d683-6884-45cd-a96b-eaae559e292a  ;805fb825-eb1a-42b0-8634-3196036606a5
Profession Name;Financial Risk Specialists;28f5d683-6884-45cd-a96b-eaae559e292a  ;1ea6754d-5cda-418a-869b-6b4499219968
Profession Name;Financial Examiners;28f5d683-6884-45cd-a96b-eaae559e292a  ;7ee7986b-b293-4775-a83f-cbda03e43b2a
Profession Name;Credit Counselors and Loan Officers;28f5d683-6884-45cd-a96b-eaae559e292a  ;88fe04f0-2aeb-4c67-8f51-52ca6d200f42
Profession Name;Credit Counselors;28f5d683-6884-45cd-a96b-eaae559e292a  ;f818b762-43c3-475b-bfd1-535228a6d9a6
Profession Name;Loan Officers;28f5d683-6884-45cd-a96b-eaae559e292a  ;8014efdf-cff5-45c4-bf76-43c69ae7c6cf
Profession Name;Tax Preparers;28f5d683-6884-45cd-a96b-eaae559e292a  ;fef9be25-0868-4254-b922-fa687c992ffa
Profession Name;Miscellaneous Financial Specialists;28f5d683-6884-45cd-a96b-eaae559e292a  ;ab80f3aa-7f79-4f62-9f88-1463d36d23b8
Profession Name;Computer and Mathematical Occupations;28f5d683-6884-45cd-a96b-eaae559e292a  ;53c97439-6136-486b-a9ae-e0db392d8b04
Profession Name;Computer Occupations;28f5d683-6884-45cd-a96b-eaae559e292a  ;c60f72ca-d32e-4789-a259-5212875945be
Profession Name;Computer and Information Analysts;28f5d683-6884-45cd-a96b-eaae559e292a  ;d4aab26b-f99b-4b0f-8391-980502cccf26
Profession Name;Computer Systems Analysts;28f5d683-6884-45cd-a96b-eaae559e292a  ;fde32a3d-96b5-441a-89b2-30a6e3a6dfaf
Profession Name;Information Security Analysts;28f5d683-6884-45cd-a96b-eaae559e292a  ;77737893-d53d-4b03-9f10-d378747be78c
Profession Name;Computer and Information Research Scientists;28f5d683-6884-45cd-a96b-eaae559e292a  ;42056d64-edb6-4578-bd68-608ba3ebe925
Profession Name;Computer Support Specialists;28f5d683-6884-45cd-a96b-eaae559e292a  ;f3cff66a-ebc2-47c3-9022-a97ec3935c19
Profession Name;Computer Network Support Specialists;28f5d683-6884-45cd-a96b-eaae559e292a  ;842ad395-74a3-4bfd-9100-f0a47016851e
Profession Name;Computer User Support Specialists;28f5d683-6884-45cd-a96b-eaae559e292a  ;f863c06c-693a-4538-adb9-f835f538d8ed
Profession Name;Database and Network Administrators and Architects;28f5d683-6884-45cd-a96b-eaae559e292a  ;d1fc0826-e0fa-499b-ab07-646ec8e473ee
Profession Name;Marine Engineers and Naval Architects;28f5d683-6884-45cd-a96b-eaae559e292a  ;a574c0d5-a238-4431-85d0-cc8f3aea3098
Profession Name;Materials Engineers;28f5d683-6884-45cd-a96b-eaae559e292a  ;159a745f-ef24-447c-b286-23772f7234c5
Profession Name;Mechanical Engineers;28f5d683-6884-45cd-a96b-eaae559e292a  ;a11a2a0c-90e2-4dce-9f7a-43fc4e9a5a65
Profession Name;Nuclear Engineers;28f5d683-6884-45cd-a96b-eaae559e292a  ;fd62af6f-7f46-4715-9d98-49e20213ca2e
Profession Name;Petroleum Engineers;28f5d683-6884-45cd-a96b-eaae559e292a  ;6b41048a-f4cc-4320-a41b-316c7378ca34
Profession Name;Miscellaneous Engineers;28f5d683-6884-45cd-a96b-eaae559e292a  ;7b6d8f2a-621b-45a0-b957-3770259401bd
Profession Name;Drafters;28f5d683-6884-45cd-a96b-eaae559e292a  ;cdd3d1e9-08dc-430f-9fb7-3312ef78c004
Profession Name;Architectural and Civil Drafters;28f5d683-6884-45cd-a96b-eaae559e292a  ;2191a5d0-616e-4870-8dc1-43650cfd7ac4
Profession Name;Electrical and Electronics Drafters;28f5d683-6884-45cd-a96b-eaae559e292a  ;ff6e80d4-c6ed-4dad-9aa8-9af96dca3a86
Profession Name;Mechanical Drafters;28f5d683-6884-45cd-a96b-eaae559e292a  ;d4ffb8a5-5e54-45a1-9436-baf62651868c
Profession Name;Aerospace Engineering and Operations Technologists and Technicians;28f5d683-6884-45cd-a96b-eaae559e292a  ;5783e6f8-4a5e-44a5-9031-bc6079d1b256
Profession Name;Civil Engineering Technologists and Technicians;28f5d683-6884-45cd-a96b-eaae559e292a  ;a4bd3191-e865-475a-bab2-627129d6ce25
Profession Name;Electrical and Electronic Engineering Technologists and Technicians;28f5d683-6884-45cd-a96b-eaae559e292a  ;763d12af-b0aa-44d2-9211-323c885e693f
Profession Name;Electro-Mechanical and Mechatronics Technologists and Technicians;28f5d683-6884-45cd-a96b-eaae559e292a  ;5126e83c-a58d-4790-8fac-5058181c4c0d
Profession Name;Environmental Engineering Technologists and Technicians;28f5d683-6884-45cd-a96b-eaae559e292a  ;8fab359f-6afc-4f0a-9172-7a737625c15a
Profession Name;Industrial Engineering Technologists and Technicians;28f5d683-6884-45cd-a96b-eaae559e292a  ;a89db7da-b303-4c41-abb9-7cfdafe147dc
Profession Name;Mechanical Engineering Technologists and Technicians;28f5d683-6884-45cd-a96b-eaae559e292a  ;f179bde4-2982-43a3-afe2-647d2349abbd
Profession Name;Calibration Technologists and Technicians;28f5d683-6884-45cd-a96b-eaae559e292a  ;d88fbf92-d7c2-4a0b-96d1-662e6cf3ad70
Profession Name;Surveying and Mapping Technicians;28f5d683-6884-45cd-a96b-eaae559e292a  ;b39edde6-39f8-4074-9f7b-08bcd367e37a
Profession Name;Life Scientists;28f5d683-6884-45cd-a96b-eaae559e292a  ;89c88f18-075a-4207-9c29-cfb2804877fa
Profession Name;Agricultural and Food Scientists;28f5d683-6884-45cd-a96b-eaae559e292a  ;2bd7a7ae-06aa-4456-ba67-6619b9cba6b3
Profession Name;Animal Scientists;28f5d683-6884-45cd-a96b-eaae559e292a  ;2cc1a9fd-8cc3-4b50-b697-afe75f2b002f
Profession Name;Food Scientists and Technologists;28f5d683-6884-45cd-a96b-eaae559e292a  ;fb248bb6-340c-422e-a780-78e0e104fa85
Profession Name;Soil and Plant Scientists;28f5d683-6884-45cd-a96b-eaae559e292a  ;5de71e84-1971-4e7c-8822-a0623a17ba18
Profession Name;Biological Scientists;28f5d683-6884-45cd-a96b-eaae559e292a  ;60e3018c-b1c4-49cc-a4c3-156729b72977
Profession Name;Biochemists and Biophysicists;28f5d683-6884-45cd-a96b-eaae559e292a  ;2a551eb3-5d20-4872-9703-c91883d9eabf
Profession Name;Microbiologists;28f5d683-6884-45cd-a96b-eaae559e292a  ;dde3e93b-68a7-4ee9-8dd3-573549b26ea7
Profession Name;Zoologists and Wildlife Biologists;28f5d683-6884-45cd-a96b-eaae559e292a  ;68f6f606-b3c4-48e2-b037-88cc559d63bd
Profession Name;Conservation Scientists and Foresters;28f5d683-6884-45cd-a96b-eaae559e292a  ;88b4fe9b-25d8-4324-8de4-02b1a52ec12f
Profession Name;Conservation Scientists;28f5d683-6884-45cd-a96b-eaae559e292a  ;0665d0ad-cb98-4d51-a95a-a6d4949cefe3
